:0200000400FFFB
:100000000294B5020009C2AF223232020011D2AF0F
:0A00100022322202000A28302900E3
:03001B000282D589
:100023000294F4C2A3120046D2A312004630A206E1
:10003300C2A36D338009C2A31200467E340001229D
:10004300029AA67E34000A7D231B344D2278F822BF
:03005300029DB457
:03005B00029DBC47
:10006300029DCCC296129D64D296129D643097066F
:10007300C2966D338009C296129D647E34000122BC
:03008300029DC417
:03008B00029AC412
:03009300028B29B4
:03009B00029DD4EF
:1000A300029DDCC82E002E802E3DB1C82E002E806E
:1000B3002E9103802EBCB0802EA303C82E002E8069
:1000C3002E00B05030212E59F51030212E6AF580C4
:1000D3002E3B0300000000081901002200750000F8
:1000E300100010D100B343802E00C1802E00C180C8
:1000F3002E00C1802E00C1802E00C1802E00C18041
:100103002E00C1802E00C1802E00C1802E00C18030
:100113002E00C1802E00C1802E00C1802E00C18020
:100123002E00C1802E00C1802E00C1802E00C18010
:100133002E00C1802E00C1802E00C1802E00C18000
:100143002E00C1802E00C1802E00C1802E00C180F0
:100153002E00C1802E00C1802E00C1802E00C180E0
:100163002E00C1802E00C1802E00C1802E00C180D0
:100173002E00C1802E00C1802E00C1802E00C180C0
:100183002E00C1802E00C1802E00C1802E00C1E050
:100193005F000000000100000000000000000000FC
:1001A30000920000000000000000000000000000BA
:1001B300000000081900008800000000000000058E
:1001C300E0AA3805E09030FA0096004B09110011BF
:1001D3000002002D01D47B3B01DB7A04003F7BCD81
:1001E3006CC3048509C304ECE60C4601002700191F
:1001F300009600A00001000C00F03C000101000388
:100203000001000E00000032000500EE060400C8E5
:100213000000000400A805EE060004BC02B300853C
:1002230007000000000000000000000000000000C4
:100233000000000000B4000100B9000100980000B4
:100243000000000000000001008000040000000026
:10025300000000000000000000000000000000009B
:10026300000000000000000000000000000000008B
:10027300000000000000000000000000000000007B
:10028300000000000000000000000000000000006B
:1002930000000000000000000000000000802E00AD
:1002A300C1FD2DDE00EB00DA00000CFF0F0004C0DF
:1002B300005BF5C9011EF280003FFF19F458F56693
:1002C300F564F5C0F1F000E000CD01D301DB01FFDF
:1002D3007FFF01E40074F7F300FA00FF3FCA036CE9
:1002E3003856FE44FDBC02F90600FC1202AE01586A
:1002F300FA9AFD7705BB02960195017F0182018978
:1003030001870188018A018C018F018D019201917E
:1003130001DD009F017E01DB00B601706926D39CDD
:10032300071F059D000008BC0537FAA201AA01A119
:1003330001A801A001A805B401B401CE00D000FCBE
:1003430000C501FFFBB10000380030FDF5FCF5CD21
:1003530001A0005FFF0040FF0000806D0FEB007FF6
:10036300FFC2F568F7B3F1670F5B0F610F800F589A
:10037300F75BF7830F8600720F850FC6F17F0F6C53
:10038300F700E000FFD1F5870F8A0FFF03F03F8BE3
:10039300008E009000B9002DF5CAF5CB0120F200C4
:1003A300000000000000000000000000000000004A
:1003B300000000000000000000000000000000003A
:1003C300000000000000000000000000000000002A
:1003D300000000000000000000000000000000001A
:1003E300000000000000000000000000000000000A
:1003F30000000000000000000000000000000000FA
:1004030000000000000000000000000000000000E9
:1004130000000000000000000000000000000000D9
:1004230000000000000000000000000000000000C9
:1004330000000000000000000000000000000000B9
:1004430000000000000000000000000000000000A9
:100453000000000000000000000000000000000099
:100463000000000000000000000000000000000089
:1004730000000000000000000000003050982ED75C
:100483000E5032982EFA030030F07F002E002ED04B
:100493002E002E018008A2FB2F982EBA03212E19BD
:1004A30000012EEE0000B2072F012E190000B20347
:1004B3002F01500352982E07CC012EDD0000B227E6
:1004C3002F052E8A000552982EC7C1032EE900403E
:1004D300B2F07F082F012E190000B2042F00302143
:1004E3002EE900982EB4B1012E180000B2102F058A
:1004F30050982E4DC30550982E5AC7982EF9B4988C
:100503002E54B2982E67B6982E17B21030212E773C
:1005130000012EEF0000B2042F982E7AB70030218D
:100523002EEF00012ED40004AE0B2F012EDD0000B0
:10053300B2072F0552982E8E0E00B2022F103021D3
:100543002E7D00012E7D000090902EF102012ED70A
:100553000000B2042F982E2F0E0030212E7B0001B5
:100563002E7B0000B2122F012ED4000090022F9890
:100573002E1F0E092D982E810D012ED400049002FA
:100583002F5032982EFA030030212E7B00012E7C4F
:100593000000B2902E0903012E7C000131010800F6
:1005A300B2042F982E47CB1030212E7700813001D3
:1005B3002E7C00010800B2612F032E8900012ED486
:1005C3000098BC98B805B20F58232F079009540020
:1005D30030372F15410441DCBE44BEDCBA2C016127
:1005E300000F564A0F0C2FD14294B8C14211300567
:1005F3002E6AF72CBD2FB980B20822982EC3B721DB
:100603002D6130232ED400982EC3B70030212E5AEB
:10061300F5182DE17F5030982EFA030F52075050F2
:100623004270300D5442427E82E26F80B2424205F4
:100633002F212ED4001030982EC3B7032D60302104
:100643002ED400012ED4000690182F012E76000B15
:10065300540752E07F982E7AC1E16F081A403008A0
:100663002F212ED4002030982EAFB75032982EFA77
:1006730003052D982E380E0030212ED40000302192
:100683002E7C00182D012ED40003AA012F982E458D
:100693000E012ED4003F8003A2012F002E022D98BD
:1006A3002E5B0E3030982ECEB70030212E7D0050B9
:1006B30032982EFA03012E770000B2242F982EF5DC
:1006C300CB032ED5001154010ABC848386212EC985
:1006D30001E0401352C4408240A8B9524243BE5382
:1006E30042040A5042E17FF0314140F26F25BD08D8
:1006F30008020AD07F982EA8CF06BCD16FE26F08FC
:100703000A8042982E58B70030212EEE00212E7712
:1007130000212EDD00802EF4011A242200802EEC0D
:10072300011050FB7F982EF3035750FB6F0130717C
:10073300541142420EFC2FC02E0142F05F802E0066
:10074300C1FD2D0100000000000000000000009A20
:10075300013403000000000000000000000000005E
:100763000000000000000000000000000000000086
:100773000000000000000000000000000000000076
:100783000000000000000000000000000000000066
:100793000000000000000000000000000000000056
:1007A3000000000000000000000000000000000046
:1007B3000000000000000000000000000000000036
:1007C30000000000002050E77FF67F06320F2E6105
:1007D300F5FE09C0B3042F17302F2EEF002D2E6125
:1007E300F5F66FE76FE05FC82E2050E77FF67F4690
:1007F300300F2EA4F1BE0980B3062F0D2ED4008432
:10080300AF022F16302D2E7B0086302D2E60F5F68D
:100813006FE76FE05FC82E012E77F709BC0FB800B2
:10082300B21050FB7F10300B2F032E8A0096BC9F13
:10083300B840B2052F032E68F79EBC9FB840B2079D
:100843002F032E7E004190012F982EDC03032C00F2
:1008530030212E7E00FB6FF05FB82E2050E07FFB2F
:100863007F002E2750982E3BC82950982EA7C801E9
:1008730050982E55CCE16F2B50982EE0C9FB6F009A
:1008830030E05F212E7E00B82E7350013057541193
:1008930042420EFC2FB82E212E59F51030C02E21C6
:1008A3002E4AF19050F77FE67FD57FC47FB37FA1B7
:1008B3007F907F827F7B7F982E35B700B2902E97F3
:1008C300B0032E8F00072E9100052EB1003FBA9F73
:1008D300B8012EB100A3BD4C0A052EB10004BEBF62
:1008E300B9CB0A4FBA22BD012EB300DC0A2FB903DC
:1008F3002EB8000ABE9A0ACFB99BBC012E97009F5F
:10090300B8930A0FBC910A0FB8900A252E18000558
:100913002EC1F52EBD2EB9012E190031308A0400E7
:1009230090072F012ED40004A2032F012E180000DC
:10093300B20C2F19500552982E4DB7052E78008012
:10094300901030012F212E7800252EDD00982E3EA9
:10095300B700B202300130042F012E190000B2009B
:100963002F2130012EEA00081A0E2F232EEA00331E
:10097300301B500B090140175646BE4B084C0A0169
:10098300420A8015520142002E012E180000B21FA8
:100993002F032EC0F5F030480847AA7430072E7A8B
:1009A3000061224B1A052F072E66F5BFBDBFB9C0E4
:1009B300900B2F1D562B30D242DB420104C242045E
:1009C300BDFE808184232E7A0002420232252E62EC
:1009D300F5052ED6008184252ED6000231252E6002
:1009E300F5052E8A000B50900880B20B2F052ECAF6
:1009F300F5F03E9008252ECAF5052E59F5E03F90F7
:100A030008252E59F5906FA16FB36FC46FD56FE6AC
:100A13006FF76F7B6F826F705FC82EC050907FE55A
:100A23007FD47FC37FB17FA27F877FF67F7B7F00E9
:100A33002E012E60F5607F982E35B70230636F1557
:100A430052507F627F5A2C02321A0900B3142F00CE
:100A5300B2032F092E180000910C2F437F982E9775
:100A6300B71F50028A02320430252E64F515525006
:100A73006F436F4443252E60F5D908C0B2362F98D3
:100A83002E3EB700B2062F012E190000B2022F50DE
:100A93006F00900A2F012E79000090192F1030213A
:100AA3002E79000030982EDC03132D012EC3F50C94
:100AB300BC0FB81230100403B026252150035298FE
:100AC3002E4DB71030212EEE000230607F252E7997
:100AD30000606F0090052F0030212EEA0015502191
:100AE3002E64F51552232E60F50232506F009002EA
:100AF3002F0330272E7800072E60F51A090091A3E3
:100B03002F19090091A02F906FA26FB16FC36FD4FB
:100B13006FE56F7B6FF66F876F405FC82EC050E73E
:100B23007FF67F26300F2E61F52F2E7C000F2E7C53
:100B330000BE09A27F807F80B3D57FC47FB37F913E
:100B43007F7B7F0B2F23501A251240427F74821222
:100B530040527F002E0040607F982E6AD68130017C
:100B63002E7C00010800B2422F032E8900012E893A
:100B73000097BC06BC9FB80FB80090232ED8001076
:100B83003001302A2F032ED40044B2052F47B20080
:100B9300302D2F212E7C002B2D032EFDF59EBC9F87
:100BA300B84090142F032EFCF599BC9FB840900ECB
:100BB3002F032E49F125544A084090082F982E35CB
:100BC300B700B21030032F5030212ED400102D98CF
:100BD3002EAFB70030212E7C000A2D052E69F72D8C
:100BE300BD2FB980B2012F212E7D00232E7C00E082
:100BF30031212E61F5F66FE76F806FA26FB36FC47B
:100C03006FD56F7B6F916F405FC82E60510A253699
:100C130088F47FEB7F0032315232301330982E1537
:100C2300CB0A253384D27F433005502D52982E951D
:100C3300C1D26F2752982ED7C72A25B086C07FD33B
:100C43007FAF842950F16F982E4DC82A25AE8AAA0A
:100C530088F26E2B50C16FD36FF47F982EB6C8E025
:100C63006E00B2322F33548386F16FC37F0430306A
:100C730030F47FD07FB27FE330C56F5640454128C3
:100C83000803140EB408BC8240100A2F54260591A1
:100C93007F4428A37F982ED9C008B933305309C1A4
:100CA3006FD36FF46F831747406C15B26FBE09752E
:100CB3000B90424542510E32BC0289A16F7E86F4ED
:100CC3007FD07FB27F0430916FD62FEB6FA05EB8D9
:100CD3002E032E97001BBC60509FBC0CB8F07F40C6
:100CE300B2EB7F2B2F032E7F004140012EC8000162
:100CF3001A112F3758232EC8001041A07F388101C5
:100D030041D07FB17F982E64CFD06F0780A16F1140
:100D130042002EB16F01421130012EFC0000A803E6
:100D230030CB224A25012E7F003C89355205549849
:100D33002EC4CEC16FF06F982E95CF042D0130F0E5
:100D43006F982E95CFEB6FA05FB82E032EB30002E2
:100D530032F030033130508A080808CB08E07F8036
:100D6300B2F37FDB7F252F032ECA004190042F01AE
:100D730030232ECA00982E3F03C0B2052F032EDA6C
:100D83000000304104232EDA00982E92B21025F091
:100D93006F00B2052F012EDA0002301004212EDA83
:100DA3000040B2012F232EC801DB6FE06FD05F80BC
:100DB3002E95CF0130E06F982E95CF1130232ECA98
:100DC30000DB6FD05FB82ED0500A2533845550D244
:100DD3007FE27F038CC07FBB7F0030055A395451BB
:100DE30041A57F967F807F982ED9C00530F57F205F
:100DF30025916F3B583D5C3B56982E67CCC16FD510
:100E03006F52405043C17FD57F1025982EFEC910E5
:100E130025982E74C0866F3028926F828CA56F6FD1
:100E230052690E3954DB2F19A01530032F003021DE
:100E33002E81010A2D012E810105284236212E81A2
:100E430001020E012F982EF30357501230014098E0
:100E53002EFEC9516F0B5C8E0E3B6F57580230212B
:100E63002E9501456F2A8DD27FCB7F132F02303F02
:100E730050D27FA80E0E2FC06F535402005154421C
:100E83000E103059520230012F002E032D504242D2
:100E9300421230D27F80B2032F0030212E80011204
:100EA3002D012EC9000280052E80011130912800EA
:100EB30040252E8001100E052F012E7F0101900188
:100EC3002F982EF303002EA0410190A67F902EE3CE
:100ED300B4012E950100A8902EE3B45B5495808253
:100EE3004080B202402D8C3F52967F902EC2B32990
:100EF3000E762F012EC900004081284552B3309849
:100F03002E0FCA5D54807F002EA140727F828082A3
:100F130040607F982EFEC91025982E74C0626F051D
:100F2300308740C0910430052F052E830180B21411
:100F330030002F0430052EC900736F8140E24069F1
:100F430004110FE1401630FE29CB40022F836F833B
:100F53000F222F4756130F1230772F4954420E1288
:100F630030732F00910A2F012E8B0119A802306CC8
:100F73002F6350002E17420542682C12300B2508B0
:100F83000F5030022F212E8301032D4030212E8359
:100F9300012B2E85015A2C123000912B25042F632F
:100FA3005002301742172C0242982EFEC910259882
:100FB3002E74C0052EC90081845B308240372E8396
:100FC30001020E072F5F52403062404140910E01F3
:100FD3002F212E830105302B2E85011230362C163E
:100FE300301525817F982EFEC91025982E74C019BF
:100FF300A21630152F052E9701806F820E052F0143
:101003002E86010628212E86010B2D032E87015FD4
:10101300544E289142002E8240900E012F212E889B
:10102300010230132C0530C06F081CA80F163005C1
:10103300305B50092F02802D2E820105420580006E
:101043002E02423E80002E06420230906F3E8801FF
:101053004004414C280142078010252440004000F1
:10106300A8F522232944427A827E88434004410022
:10107300ABF523DF284342D9A0142F0090022FD2CF
:101083006F81B2052F6354062890428542092C02D2
:10109300305B500380292E7E012B2E8201054212E4
:1010A300302B2E83014582002E40407A8202A00815
:1010B3002F63503B30154205423780372E7E0105A2
:1010C300421230012EC900028C404084417A8C04C4
:1010D3000F032F012E8B0119A4042F2B2E820198AD
:1010E3002EF303123081906152082F65426542430B
:1010F30080398482880542454285420543002E801B
:10110300410090902EE1B46554C16F804000B2431A
:10111300586950442F555CB7878C0F0D2E9601C428
:1011230040362F41568B0E2A2F0B52A10E0A2F0544
:101133002E8F011425982EFEC94B54020F695005BA
:10114300306554152F032E8E014D5C8E0F3A2F05FB
:101153002E8F01982EFEC94F54820F0530695065BA
:1011630054302F6D521530428C454204302B2C8461
:10117300436B52428C002E85431530242C45428EFE
:101183000F202F0D2E8E01B10E1C2F232E8E011A30
:101193002D0E0E172FA10F152F232E8D01132D9812
:1011A3002E74C04354C20E0A2F655004800B3006C0
:1011B300820B42798041401230252E8C0101420579
:1011C300306950655484824384BE8C8440864126B2
:1011D300299442BE8ED57F19A143400B2E8C0184E6
:1011E30040C7415D29272945428442C27F012FC060
:1011F300B31D2F052E940199A0012F80B3132F80C7
:10120300B3182FC0B3162F12400140927F982E744B
:10121300C0926F100F2030032F1030212E7E010A51
:101223002D212E7E01072D2030212E7E01032D102E
:1012330030212E7E01C26F012EC900BC8402808240
:10124300400040900ED56F022F1530982EF30341C6
:10125300910530072F67503D802B2E8F01054204E7
:1012630080002E0542022C00300030A26F988A863F
:101273004080A7052F982EF303C030212E95010639
:10128300251A25E26F768296405643510EFB2FBBFB
:101293006F305FB82E012EB8000131410840B220F3
:1012A30050F2300208FB7F0130102F052ECC008155
:1012B30090E07F032F232ECC00982E55B6982E1D39
:1012C300B51025FB6FE06FE05F802E95CF982E95CC
:1012D300CF1030212ECC00FB6FE05FB82E005105FC
:1012E30058EB7F2A2589526F5A895013410640B320
:1012F300011642CB160640F3021342650EF52F0585
:101303004014302C29044208A10030902E52B6B369
:1013130088B08AB684A47FC47FB57FD57F927F735C
:10132300300430554042408A17F3086B0190025352
:10133300B84B82ADBE717F450A0954847F982ED97C
:10134300C0A36F7B54D042A37FF27F607F202571BF
:101353006F755A7758795C7556982E67CCB16F6262
:101363006F5042B17FB3301025982E0FCA846F207F
:1013730029716F926FA56F76826A0E73300030D039
:101383002FD26FD17FB47F982E2BB715BD0BB80228
:101393000AC26FC07F982E2BB715BD0BB8420AC087
:1013A3006F081741188916E118D018A17F27251651
:1013B30025982E79C08B54907FB330824080900D56
:1013C3002F7D52926F982E0FCAB26F900E062F8BFD
:1013D300501430426F516F144212420142002E31B9
:1013E3006F982E74C0416F807F982E74C0826F10E7
:1013F300044352010F052ECB0000300430212F513E
:101403006F43588C0E04301C2F8588416F04418C28
:101413000F0430162F8488002E044104058C0E041B
:10142300300F2F8288316F044104058C0E0430087D
:101433002F8388002E04418C0F0430022F212EAD00
:101443000114300091142F032EA10141900E2F039C
:101453002EAD0114304C28232EAD0146A0062F815A
:10146300848D5248828240212EA10142425C2C028B
:1014730030052EAA0180B20230552F032EA9019206
:101483006FB330982E0FCAB26F900F003002304AFC
:101493002FA26F875291008552510E022F002E43C7
:1014A3002C0230C26F7F52910E02303C2F516F815C
:1014B30054982EFEC91025B3302125982E0FCA3219
:1014C3006FC07FB3301225982E0FCA426FB07FB31F
:1014D300301225982E0FCAB26F90288352982EFE91
:1014E300C9C26F900F003002301D2F052EA101805D
:1014F300B212300F2F426F032EAB01910E02301246
:101503002F526F032EAC01910F02300C2F212EAA04
:10151300010A2C1230032ECB008D5808894140114B
:10152300430043252EA101D46F8F5200433A890013
:101533002E10431043610EFB2F032EA001111A023C
:101543002F0225212EA001EB6F005FB82E915210C0
:10155300300230955652424B0EFC2F8D54888293A5
:101563005680425342404242868354C02EC24200B8
:101573002EA3520051524047401A25012E97008F47
:10158300BE7286FB7F0B307CBFA5501008DFBA709C
:1015930088F8BFCB42D37F6CBBFCBBC50A907F1BD3
:1015A3007F0B43C0B2E57FB77FA67FC47F902E1C1D
:1015B300B7072ED200C0B20B2F9752012ECD008257
:1015C3007F982EBBCC0B30372ED200826F906F1AD0
:1015D3002500B28B7F142FA6BD25BDB6B92FB980C8
:1015E300B2D4B00C2F99549B560B300B2EB100A1E3
:1015F300589B42DB426C092B2EB1008B42CB4286B7
:101603007F7384A756C30839520550727F637F984E
:101613002EC2C0E16F626FD10A012ECD00D56FC417
:101623006F726F97529D5C982E06CD236F906F99C2
:1016330052C0B204BD5440AFB94540E17F02300609
:101643002FC0B20230032F9B5C12309443854303B7
:10165300BF6FBB80B3202F066F2601166F6E034545
:1016630042C090292ECE009B52142F9B5C002E93D8
:10167300418641E304AE0780AB042F80910A2F8695
:101683006F730F072F836FC0B2042F54424542126A
:1016930030042C1130022C1130113002BC0FB8D29F
:1016A3007F00B20A2F012EFC00052EC701101A027B
:1016B3002F212EC701032D022C01300130B06F986A
:1016C3002E95CFD16FA06F982E95CFE26F9F5201C9
:1016D3002ECE00824050420C2C42421130232ED297
:1016E300000130B06F982E95CFA06F0130982E95E2
:1016F300CF002EFB6F005FB82E838601300030943D
:101703004024180600530E4F02F92FB82EA9520099
:101713002E604041400DBC98BCC02E010A0FB8ABEF
:1017230052533C524040404B00821626B901B84107
:1017330040100897B80108C02E11300108438625D0
:10174300400440D8BE2C0B2211544203804B0EF6AA
:101753002FB82E9F501050AD52052ED300FB7F00A3
:101763002E13409342410EFB2F982EA5B7982E8738
:10177300CF012ED90000B2FB6F0B2F012E69F7B1F9
:101783003F01080130F05F232ED900212E69F78035
:101793002E7AB7F05FB82E012EC0F8032EFCF51594
:1017A30054AF5682080B2E69F7CB0AB1588090DDEF
:1017B300BE4C085FB959228090072F0334C308F247
:1017C3003A0A080235C0904A0A4822C02E232EFC4A
:1017D300F51050FB7F982E56C7982E49C31030FB47
:1017E3006FF05F212ECC00212ECA00B82E032ED31A
:1017F3000016B802344A0C212E2DF5C02E232ED309
:101803000003BC212ED500032ED50040B210302199
:101813002E77000130052F052ED8008090012F234D
:101823002E6FF5C02E212ED90011308108012E6AAA
:10183300F7713F23BD0108020AC02E212E6AF7303B
:10184300250030212E5AF51050212E7B00212E7CAD
:1018530000FB7F982EC3B74030212ED400FB6FF0DE
:101863005F0325802EAFB7802E00C1802E00C1807C
:101873002E00C1802E00C1802E00C1802E00C180A9
:101883002E00C1802E00C1802E00C1802E00C18099
:101893002E00C1802E00C1802E00C1802E00C18089
:1018A3002E00C1012E5DF708BC80AC0EBB022F00D9
:1018B3003041048206C0A40030112F40A9032F40F9
:1018C300910D2F00A70B2F80B3B358022F90A126A1
:1018D30013202380901030012FCC0E002F0030B83E
:1018E3002EB550180808BC88B60D17C6BD56BCB730
:1018F30058DABA04011D0A1050053032254503FB9E
:101903007FF6302125982E37CA16B59ABC06B880C3
:10191300A8410A0E2F8090022F2D50480F092FBF88
:10192300A0042FBF90062FB754CA0F032F002E0217
:101933002CB7522D52F233982ED9C0FB6FF137C01A
:101943002E0108F05FBF56B954D040C4400B2EFDA2
:10195300F3BF529042944295420530C1500F88061E
:101963004004419642C54248BE73300D2ED8004F05
:10197300BA8442034281B3022F2B2E6FF5062D0545
:101983002E77F7BD569308252E77F7BB54252EC225
:10199300F5072EFDF34230B433DA0A4C00272EFD4F
:1019A300F34340D43FDC084342002E002E4340243F
:1019B30030DC0A43420480032EFDF34A0A232EFD42
:1019C300F36134C02E0142002E60501A257A86E05E
:1019D3007FF37F0325C3524184DB7F3330982E1678
:1019E300C21A257D82F06FE26F322516409440269D
:1019F3000185408E17C4426E039542410EF42FDBDE
:101A03006FA05FB82EB051FB7F982EE80D5A259832
:101A13002E0F0ECB583287C47F65896B8DC55A65EF
:101A23007FE17F837FA67F747FD07FB67F947F170C
:101A330030C752C954517F002E856F427F002E510B
:101A4300414581424113403B8A00404B04D006C0CC
:101A5300AC857F022F02305104D306418405305DEB
:101A630002C916DF08D3008D02AFBCB1B9590A65AC
:101A73006F1143A1B4524153410143347F657F2623
:101A830031E56FD46F982E37CA326F756F8340423A
:101A930041237F127FF63040255125982E37CA14F3
:101AA3006F2005706F256F6907A26F316F0B3004CC
:101AB300429B428B425542327F40A9C36F717F02E2
:101AC30030D040C37F032F4091152F00A7132F0061
:101AD300A4112F84BD982E79CA556FB754544182EF
:101AE30000F33F4541CB02F630982E37CA356FA439
:101AF3006F4143032C0043A46F356F1730426F517E
:101B03006F934042820041C3000343517F002E94F0
:101B13004041414C02C46FD156630E746F5143A5CB
:101B23007F8A2F092ED80001B3212FCB58906F1332
:101B330041B66FE47F002E91411440924115401746
:101B43002E6FF5B67FD07FCB7F982E000C0715C282
:101B53006F140B292E6FF5C3A3C18FE46FD06FE60B
:101B63002F1430052E6FF5140B292E6FF5182DCD7C
:101B7300560432B56F1C0151415241C340B57FE455
:101B83007F982E1F0CE46F218700430432CF545AF1
:101B93000EEF2F1554092E77F7220B292E77F7FB1B
:101BA3006F505EB82E1050012ED40000B2FB7F514F
:101BB3002F01B2482F02B2422F0390562FD75279EA
:101BC300804240818400404242982E930CD954D7DE
:101BD30050A14098BD82403E82DA0A44408B16E30E
:101BE300005342002E43409A025242002E414015B8
:101BF300544A0E3A2F3A8200304140212E850F403D
:101C0300B20A2F982EB10C982E450E982E5B0EFB20
:101C13006FF05F0030802ECEB7DD52D35442424F77
:101C2300847330DB5283421B306B422330272ED721
:101C330000372ED400212ED6007A84172C4242304E
:101C430030212ED400122D21300030232ED4002138
:101C53002E7BF70B2D1730982E510CD5500C82721A
:101C6300302F2ED400252E7BF74042002EFB6FF041
:101C73005FB82E70500A253986FB7FE132623098B7
:101C83002EC2C4B556A56FAB08916F4B08DF56C47F
:101C93006F23094DBA93BC8C0BD16F0B09CB52E167
:101CA3005E5642AF094DBA23BD940AE56F68BBEB9C
:101CB30008BDB963BEFB6F5242E30AC02E43429094
:101CC3005FD150032E25F3134000409BBC9BB40807
:101CD300BDB8B998BCDA0A08B68916C02E190062D5
:101CE300021050FB7F982E810D012ED40031300855
:101CF30004FB6F0130F05F232ED600212ED700B8EE
:101D03002E012ED700032ED600480E012F802E1F42
:101D13000EB82EE350213401428230C132252E62A7
:101D2300F50100223001404A0A0142B82EE354F083
:101D33003B8340D808E5528342003083305042C48D
:101D430032272E64F5940050424042D33F84407DB5
:101D530082E30840428342B82EDD52003040427C89
:101D630086B952092E700FBF54C442D386544055CE
:101D73004094428542212ED7004240252EFDF3C0D8
:101D8300427E82052E7D0080B2142F052E89002706
:101D9300BD2FB98090022F212E6FF50C2D072E71C8
:101DA3000F14301C09052E77F7BD5647BE930894D0
:101DB3000A252E77F7E75450424A0EFC2FB82E50CF
:101DC3005002304386E550FB7FE37FD27FC07FB173
:101DD3007F002E414000404804982E74C01EAAD3B1
:101DE3006F1430B16FE322C06F5240E46F4C0E1298
:101DF30042D37FEB2F032E860F40901130032F2306
:101E03002E860F022C0030D06FFB6FB05FB82E40D0
:101E130050F17F0A253C86EB7F41332230982EC256
:101E2300C4D36FF430DC094758C26F9409EB586A86
:101E3300BBDC08B4B9B1BDE95A950821BDF6BF773B
:101E43000B51BEF16FEB6F52425442C02E4342C05E
:101E53005F5050F55031301142FB7F7B300B421104
:101E6300300280233301420300072E8003052ED363
:101E7300002352E27FD37FC07F982EB60ED16F0826
:101E83000A1A257B86D07F01331230982EC2C4D123
:101E93006F080A00B20D2FE36F012E80035130C784
:101EA30086232E21F208BCC042982EA5B7002E002F
:101EB3002ED02EB06F0BB8032E1B00081AB07F7004
:101EC30030042F212E21F2002E002ED02E982E6DBD
:101ED300C0982E5DC0ED50982E44CBEF50982E46FF
:101EE300C3F150982E53C73550982E64CF103098B5
:101EF3002EDC032026C06F02311242AB330B423774
:101F03008001300142F337F752FB504440A20A42AA
:101F1300428B31092E5EF7F954E30883421B4223B7
:101F2300334B00BC840B40333083420B42E07FD100
:101F33007F982E58B7D16F803040420330E06FF363
:101F4300540430002E002E0189620EFA2F434211F1
:101F530030FB6FC02E0142B05FC14A00006D5700D5
:101F630000778E0000E0FFFFFFD3FFFFFFE5FFFFD9
:101F7300FFEEE1FFFF7C13000046E6FFFF000000D9
:101F8300000000000000000000000000000000004E
:101F9300000000000000000000000000000000003E
:101FA300000000000000000000000000000000002E
:101FB30000000000000000802E00C1802E00C180C0
:101FC3002E00C1802E00C1802E00C1802E00C18052
:101FD3002E00C1802E00C1802E00C1802E00C18042
:101FE3002E00C1802E00C1802E00C1802E00C18032
:101FF3002E00C1802E00C1802E00C1802E00C18022
:102003002E00C1802E00C1802E00C1802E00C18011
:102013002E00C1802E00C1802E00C1802E00C18001
:102023002E00C1802E00C1802E00C1802E00C180F1
:102033002E00C1802E00C1802E00C1802E00C180E1
:102043002E00C1802E00C1802E00C1802E00C180D1
:102053002E00C1802E00C1802E00C1802E00C180C1
:102063002E00C1802E00C1802E00C1802E00C180B1
:102073002E00C1802E00C1802E00C1802E00C180A1
:102083002E00C1802E00C1802E00C1802E00C18091
:102093002E00C1802E00C1802E00C1802E00C18081
:1020A3002E00C10227786E8480007D582D55680E5E
:1020B3000B5568EF7D502D5578057F047F15220B56
:1020C3005568E07D5892F77D457D59BF02401278EF
:1020D30004BF15400C7D487F407F027F257F517FE1
:1020E3001212272D5D546E54FFE0E5D0780320D5FE
:1020F300B2BEC4FFE0780830E702B2D5022784A25B
:10210300E792D5BE44FFE068F36CAA7DD47D4C9D75
:102113004D6843BE4406A078117CA13EA03EA03E7C
:10212300A07F047F157D4C02275050F5800C2E4470
:1021330000202F002F1150020B305C9978F00B8098
:1021430080107CA77C767C657C547C437C327C212C
:102153000A001B8078EC7D4C30E52D9F409F515049
:10216300021B4C7F047F154D894D8A4D8B781222BB
:1021730002277F9E44002068F72F002F1150020B87
:10218300307CB130E4ED802E2F042F1550020B0C60
:102193007CB130E5212E44002078030227846CAA09
:1021A3001E1092F71E144C2A92F71E244C4A92F7E3
:1021B3001E344C6A92F70227505D0068115D8878DF
:1021C300182D002E040020680D9F117F01222D88F9
:1021D3002E84002078F702277812272D5D542E5481
:1021E3000020680A2E44804050072D4C500A0227D5
:1021F300842D4C400302277F7D514D524D53780B64
:10220300A5B920077F157F040227697D594D5A4DD3
:102213005B7806BE84002068EF7DF3ADFB7DFE6D29
:10222300EE7DDBADD22F76E4337DD3ADDA2F76347A
:10223300007DFE0AEB7DD2ADDA2F76E4337DD1AD9E
:10224300DB2F7634007DD9ADD32F7634007DFE0AA3
:10225300EB7DD0ADDB2F767DD8ADD32F767DD1ADA1
:10226300DA2F76E4337DD9ADD22F763400AD28ADA5
:10227300A02F510A2B7D3E2F517D21AD292F51E4F3
:10228300337D287CA1AD90AD122F042C1B7D3AAC7D
:102293005A2F017D2B7D3F7E540400BE0002500E59
:1022A3009E44002078030227842F002F1133D5F09A
:1022B300F84C3B7CA77C767C657C547C437C327CED
:1022C300210A00022750022784BE04FFFF6806BECE
:1022D30084FFFF780302277812272D5D54BE54FF35
:1022E300E068F27D5C4D5468EC5D4478059F117F96
:1022F30001222EC4802050079D4C380702277F9D62
:102303004C50C37D58C2E44D594D5A4D5B7803027E
:1023130027697E5400107EC40037800C1BC46826D6
:102323002F002F1150020B30BF0440107804BF154B
:10233300400A9F049F1550021B0C4CAB0330E7DC93
:10234300CAA86CAA80D6DA1BDA19DA18BE101050A4
:10235300149E44002068A52F002F1150020B302C2F
:10236300AA50020B7002275074F87EA0FF6E008003
:102373006E848000BEB0FF683C7D4B7C875DB55C9E
:102383007BBF047804BF15683FF4401A7CA97D4BDA
:102393007C9A6CAA6D442F5250020B4C6E54FFFF73
:1023A3005DB52D15800F7C786CAA6D442F125002F9
:1023B3000B0CF45C7BBF047804BF15680B7D5820BD
:1023C300F7067CB020E701B3227EA020800C7EA01C
:1023D3001080057EA0086C556D333392D5500A6E7C
:1023E30034FFFF6E24FFFF0B1C2F114006D5F0F9BD
:1023F3007F01227CB41E541E541E541E542E543F7F
:10240300E0A2D592F72F112F112F112F117D127DDD
:10241300236D337D05227D502D5592D51E541E54B8
:102423001E541E541E542E54FC0140039F11227C43
:10243300747C637C357C527C412F112F112F114EFC
:1024430040807E20208C324C732E54FFE0500E7E51
:102453001CFFFF221E341E2450034E60800478F4B8
:1024630030D50A6E34FFFF6E24FFFF0B1C220227B8
:102473008468FB0227787CB5330A543392D5602AEB
:10248300046C442F1160EA2F112F112F112F112EDD
:1024930054037F7E440020AD457D457C147C257C20
:1024A300367C476C556D330227699F117F012202E9
:1024B3002F1D022F1A022F15E47C517D312F11336A
:1024C3002F11332F11334C7B2D0092D5681E0B0532
:1024D30068E32E048FFE50DABE002050D22D002D6B
:1024E300002D005C0068CB7C80022EF19F11227FBF
:1024F300507EC400007ED400007E9425030227BFD3
:102503004001227CEACA89CA5BCA6B129CC0DA6B9F
:10251300DA5BDA897E9425037CAE220227780227D0
:10252300847D5020F7F55E547FF0687ABE547FF0C7
:1025330068ECCA0BCA1B7C017C125E001F4E0010A4
:102543009E543FF00E5430E304C2E32D002E543F5B
:10255300F07E145370AD107C327C210A002E088764
:10256300FF2E04000BBE102040077E101F7E14FFB9
:10257300FF5E100F4D05758304CA0BCA1B7F407F96
:1025830051690FFFF1691FFFF3692FFFF5693FFFE2
:10259300F71222CCDA5BDA4B1220AD9E040010D581
:1025A30083D79EF80008223FBC37E9AD397134BFA9
:1025B300C2490B4D5119013FC9999990956BB6BF0B
:1025C300D555555554C5293FF00000000000003F84
:1025D300BFD5BA9AAC2F6E3FCF5B75F92C80DE3F27
:1025E300D6F61941E4DEF13FDDAC670561BB4F3F31
:1025F300E1E00BABDEFEB43FE4978FA3269EE13F01
:10260300E700A7C57846343FE921FB54442D187CE5
:10261300A05E007FBE047FF0401868030227787E27
:10262300043FF97E1421FB7E2454447E342D18028A
:10263300271E5EA080CAC87CCA7CB1540F7D406C43
:102643009BBE443FF04016780260127F407F517E6C
:10265300043FF06D119F111222CC4EC0407D405EAD
:1026630090F02D449E447F6040567EA0A09CA97CA0
:10267300B1540F44109EA0201EB05CAA78F734001A
:102683004CCB7F407F51CA0BCA1B7C4BE41223D631
:102693009E040030CA0BCA1B1221BC7E843FF06D1E
:1026A300999F551220AD7F607F71DA5BDA4BDA1B9D
:1026B300DA0BCA6BCA7B1220A9DA5BDA4B1222CC83
:1026C300CA0BCA1BCA3B7E7425AA7E6400FF74042E
:1026D300122BEDDA3BDA5BDA4B1221BC7CBC540FD4
:1026E3007EA008A4681A2E5425CA7E4400FF0B2A34
:1026F300806992000269A2000469B200061220AD4B
:102703007CAC30F6167E843FF97E9421FB7EA45484
:10271300447EB42D186E00801220AD5D0068085E03
:10272300007F5EC0804C0CDAC8227D5054F0B2E4C6
:102733006D05B2E42D557D4592D57D5854F0B2E434
:102743006D85B2E42D557DC55002B2D52230F71602
:102753000B1C78120B0C5E04000FBE0800007806F9
:102763002E440020681B1E4430D5034E80805E0437
:10277300000F4D04227E1CFFFF7F01229F117F016A
:10278300227E04FFF020D5021E006D119F112254FA
:102793000F2490D43440D430F30CBEB0414007BE74
:1027A300B05B500224204CCC68021BC00B84D3893D
:1027B300944CCC680B74201227A980F5CA3B6D8812
:1027C3009F337CAE7E5BB00B5C7007C37D38DA3B16
:1027D3008994B42569C2F37E5BB00B5CA5F824D061
:1027E300BEB00A501B7E500A20F60DAC5CA52D7CB2
:1027F300CB70034EF00180DDAC5DA52D7CDB80D575
:1028030024CFBEB01AA5E850055E00DFD2F3902BAB
:10281300B3A3E4936011BCB078F77417934CAB3057
:10282300F6B34EF08080AEA3E4936010BCB078F7AB
:102833007416937C3B7423937C2B89147CB0801394
:1028430074201227A920F205BEC00250F31B6D2984
:10285300B600011227A90227B41B6E691600020BEA
:102863006A00BE08000078087E0400FF7E1400168C
:1028730020F21E4CCC681A7F10E47E1B804C8868C3
:10288300070B1C04BCBD78F2C2F6CA0B122993DAFB
:102893000B7E0BB060C0CA0B1227A9DA0B0B0C4CD2
:1028A300DD68EE1BD078EA80ADD2F07E1010800395
:1028B3007E10085EB05F800AD2F67E100A80057E25
:1028C300100AC2F66D119F117E00201B6C7E6B7087
:1028D30030F6021A3720F1051B6C7E6B6030F6046C
:1028E3001A261A2430F0051B6D0B6A20A5EC3382DF
:1028F300F692F6500A7CEA9F229F217F127CAE4C0F
:1029030044780F7C457C567C676C772E00F878EF13
:1029130080122F117CB3337C3B9CB140047C3B0B76
:1029230070A5D8EE7CB230E005DAB8C44C3BCA38A7
:102933000B207E00207E3000BE18000078C1BE1040
:1029430008780730F404C2F480B5CA287CB2BCBD51
:1029530038027CBD122993DA28BC2D500A1BD0E41F
:10296300CA2812279280F07CB213DAB84004C4CA92
:10297300B8C4CA28BEF08040095CDD7805A5DA0238
:1029830060065EF07F122792DA28A5DADA0227B40E
:10299300BEF001680F30F402240220F50620F7038D
:1029A30030F6010420F229BCBC5025CAB87CBF1301
:1029B300B0E67420501174307C8A5E80F06808128F
:1029C30029D35EA00F80031227A9DAB8BCBC78DB39
:1029D30030F40F74301227A9745830F3027478124C
:1029E30027A930F605742D0227A9742B20F5F87456
:1029F3002020F7F3221B6C7E6BB010F1021B6C20BE
:102A0300F60B30E704F404D2F27CCB800520E70513
:102A13007CDB0227D85EF07F80F81B6E691600020C
:102A23000B6A0030F0076D221B0A200B0D1B0A8076
:102A33000227C3E46C22BE3010500B7F1F2D312EB2
:102A430034FFEE7E39B0227CBF20E7A8742E4EF00F
:102A5300800227A9122B8D40437CBD7003047CDBCD
:102A6300122D777C3D4C3368101B307CBE20E4096B
:102A7300122A3670044C3378F07CBD7CD3BE44FFFD
:102A8300FC48216CAABD45581B6D559D546C222DE5
:102A9300511801E47CDB022B31122B8D40787CBD75
:102AA30004122D777DA47CAE7CBDA2F492F0C2F417
:102AB300400260010424061229937E30FF0B30127A
:102AC3002A36CA3812279220F0044CDD6803122AF2
:102AD3004ADA38BC3D78E6740E122792742B7D4A8D
:102AE3007CA830F7086EA4FFFF0BA4742D1227A94E
:102AF3007E4400647D5A8D547DA41227927D5A7EB4
:102B0300A00A840AAA1227927D5A1227929EF800DD
:102B130011DA5B0227B4DA5BD2F27ED000022873AB
:102B2300122B8D40F10A5D2D540B54122D777DA489
:102B33007CB97CAE30E701F40420F4044CDD680575
:102B4300D2F0C2F4042CBD1229936C33BEA400004E
:102B5300681648101BA4122A36CA38122792DA388C
:102B63000B3080E80BA41B30122A36CA3812279286
:102B73004CDD6807122A4A1BD080E39EF80012300E
:102B8300F003122A4ADA5B0227B47CEA7CAF10F71F
:102B9300037ED0067CFA1B6E693600020B6A201B8B
:102BA3006E691600020B6A00DA49CA5BCA49022C35
:102BB300502D2B204C4248232E0053584F44494359
:102BC30055502A4E4645470004208001020010401C
:102BD3005CAEB3BBBB48C2ACF81D239C5728282866
:102BE3002828282828292A2B2A2ACAB87F407F5137
:102BF3001221BCDAB8CA0BCA1B0B3A0069130002D4
:102C03000B3E0B3A20693300020B3E698FFFF969D3
:102C13009FFFFB69AFFFFD69BFFFFFCAB81221BC6D
:102C23000B3A80699300020B3E0B3AA069B3000292
:102C33000B3E1220ADDAB81478D19EF80008224E6C
:102C4300614E002B494E46002D494E46007D402DD6
:102C5300447CAE92F67CEA7CBA68265E90E0BE4481
:102C6300FFE0782F7CB1540F7E0400FF60067E14D2
:102C73002C42D3227E142C4B20F6047E142C46D3F4
:102C830022DA099F22CA2BCA2BCA2BCA2BCA88C392
:102C9300CA09221E447E5404D1AD542D5450020B54
:102CA300449E28FA239E440133CA2B7CA15EA00FC5
:102CB3007CB21E541E541E541E541E547E44005691
:102CC300CA59AD457E44C5109D450A48DA59AD54ED
:102CD300DA492D54DA5950020B54CA59CA4BCA6BFC
:102CE300CA7BCA0BCA1B20F70C122E52DA1BDA0B53
:102CF3001222CC80106E54FFFF0B54122E52DA1B9B
:102D0300DA0B1221BCDA7BDA6BDA4BDA497D505EDF
:102D130004000F6D504E10109E543FB02F002F1122
:102D230050020B3024F078F4DA59758210BE000A91
:102D3300400A9E000ACA020115820B44CA086C00AD
:102D43007EA4000A7DB1AD0A7D016D11ADAB2F05E7
:102D53007EA4000A7DB3AD2AADAB2D1250020B0445
:102D63007D236D332F1550020B0C158278CECA08C4
:102D7300C3CA59227F0F20E73ABEB0104002741035
:102D83000A0B2D109E1400127E19B02EB0FB501F9B
:102D93004C116817E47A19B01B147E19B0047A1920
:102DA300B0B40A0BE47A19B0A5D9ED0B4474017AD7
:102DB30019B0225EE0BF223FF00000000000004097
:102DC3002400000000000040590000000000004003
:102DD3008F40000000000040C38800000000004056
:102DE300F86A0000000000412E84800000000041CA
:102DF3006312D0000000004197D784000000004315
:102E030041C37937E0800044EA784379D99DB446D9
:102E130093B8B5B5056E17483D6329F1C35CA54961
:102E2300E5E531A0A1C8734B905031E2503DA94D67
:102E3300384F03E93FF9F55A827748F9301D326775
:102E4300CC0E1EF1A724EB75154FDD7F73BF3C5DE0
:102E530055684C7D055407682D232323122EA27D2C
:102E630050CA595E54003868092438122EBC7F407A
:102E73007F51DA591E540303543868092470122E03
:102E8300BC7F407F51227CB1543868092438122E0C
:102E9300A27D5080DF7D501E540303543824706C90
:102EA300AA2E542DBA7E4400FF0B2A806992000299
:102EB30069A2000469B20006226CAA2E542DBA7EC0
:102EC3004400FF0B2A0069120002692200046932E0
:102ED30000060221BC2D0092D50E104E10807D42BB
:102EE3002D445002B2D54E50806C447CB8222C4401
:102EF30050120B1C7E40005E507FBE180000780409
:102F03000B806816A2D57CB8137C4B7CB592E77C0A
:102F13005B227E1CFFFF229F11227E24FF8020D58F
:102F2300026C456D3322022F156E00807CB1337C19
:102F3300B033680D0468EF7CB5337CB43378037F1A
:102F430010220468E17D5092F77D457D51BF2140F9
:102F5300067C807F017F12122ED87EA1D05CB00444
:102F6300780320D5C17CB00478075002B2D5022F74
:102F73001D92D5BE80FF68F67CB89CB06C00602AB9
:102F8300B418057C41022EF150FB80032F00047C12
:102F93009B5E900778F630E4067C437D106D00302D
:102FA300E3087C437C327C210A0030F5199F1078BA
:102FB3000E22022F1A1B8068F92F1150020B707C0E
:102FC300B530E7F1801B2D317CB5A5397C5B501101
:102FD3000B807803022F1D1E341350034E60801A9A
:102FE3002B022EF15D22680D5D0078122D220B401D
:102FF30068099F11222D000B0078F9022F15122E5C
:10300300D85C800B806808248150072CB0500A02DA
:103013002F1D2CB04003022F1A7C8B5D1178267C68
:10302300B17CA5BE1080680A5D33780DA5BD80050F
:103033007F10022F076D0080307F017C5B7CB17CA9
:10304300A5AD1280245D337806A5BD80F080E1CA6A
:10305300887D41AD437CB17CA5AD122D1450020B8C
:10306300047C5BAD232F01DA88A42D05BE008040CC
:10307300060B80780480982F007C437C507C617C15
:1030830072022EF1BE24FFFF6806BE04FFFF780321
:10309300022F15122ED85CB00468F57CB8A54868D9
:1030A300EF7CB870039F1122A5B80003022F1D2ED9
:1030B300008150079C803807022F1A9C8050ED0A2C
:1030C30051C2E74D517803022F077E5400807E9052
:1030D3001A6C0080061B9068142F11BF1040049FC8
:1030E300104CAB0330E7EECAA86CAA80E8DA39DAF1
:1030F300587C4ABE5080500A1B8068BC2F11500276
:103103000B70022EF174F86CAA6E40806E0080BEC4
:10311300B0FF68277C837C975C3B5C7BBF10682A8D
:10312300F4400D7C382D15F45C3B500F0B04800BE1
:103133007C792D35F45C7B50020B24BF10680B7C2B
:10314300B020E7067CB420E701B3227EA020800CE8
:103153007EA01080057EA0086C556D333392D55048
:103163000A6E34FFFF6E24FFFF0B1CA5EC334006F1
:103173002F11D5F0F6227CBA247EA2D5137C767C5F
:1031830065A5CC92E77C5B227CB5337CB43392D5C6
:103193004E5080248140039F11227C457C567C67DE
:1031A3006C7724E0500E7E1CFFFF221E341E245039
:1031B300034E60800478F430D50A6E34FFFF6E242A
:1031C300FFFF0B1C22C2D57CB430E708B2D56E24B6
:1031D300FFFF0B247CB630E712B2D56E34FFFF0B32
:1031E300348D326E24FFFF0B2480028D3230D506DE
:1031F3006E34FFFF0B34227D51AD037D027D21AD83
:10320300052D12AD352D21227D02AD31AD102D21BD
:10321300226D0074104D00780B4D2278278D317D7F
:10322300126D22227D437D326D222F112D445002D7
:10323300A50FBF1040049F100B901478ED7F016D14
:10324300227D34227D417D138D247D022F00400495
:10325300BD0440049D040B141478F17D237D317D5E
:10326300106D0022C2D57CB030E708B2D59F229FF3
:10327300207F027CB430E713B2D59F229F217F12B7
:103283001232169F229F207F02800312321630D5FE
:10329300069F229F217F12226CAA4D11681E1E5485
:1032A300500C7E1B007A190068120B1C0B140B1AAE
:1032B300001B18000B1D0B151B5478F22200000095
:1032C30000000000000000000000000000000000FB
:1032D3000808080808080800000808000000482437
:1032E30024120000000000000000000000000000A5
:1032F3004848487E2424247E24242400000000100F
:103303003C5252121C30505052523C1010000000DC
:10331300222515150D2A585454522200000000008E
:103323000C1212120A76252919916E000000060468
:103333000402000000000000000000000000402024
:1033430010100808080808081010204000000204A4
:1033530008081010101010100808040200000000E4
:103363000008086B1C1C6B0808000000000000002C
:103373000000101010FE10101000000000000000EC
:10338300000000000000000000060404020000002A
:1033930000000000007E00000000000000000000AC
:1033A30000000000000000000006060000000040CE
:1033B3002020201010080808040402020000000066
:1033C30018244242424242424224180000000000B4
:1033D300101C10101010101010107C0000000000C2
:1033E3003C4242424020100804427E00000000009C
:1033F3003C4242402018204042423C000000000072
:1034030020303028242422FE2020F8000000000071
:103413007E0202021E22404042221C0000000000E5
:10342300182402023A464242424438000000000097
:103433007E42202010100808080808000000000041
:103443003C4242422418244242423C000000000015
:103453001C22424242625C404024180000000000EB
:1034630000000018180000000018180000000000F9
:103473000000000008000000000008080800000029
:10348300402010080402040810204000000000003F
:103493000000007E00007E0000000000000000002D
:1034A300020408102040201008040200000000005D
:1034B3003C42424620101010001818000000000083
:1034C3001C225A55555555553A423C000000000000
:1034D3000808181414243C224242E70000000000AC
:1034E3001F2222221E22424242221F00000000000D
:1034F3007C4242010101010142221C000000000044
:103503001F2242424242424242221F000000000068
:103513003F4212121E12120242423F0000000000FC
:103523003F4212121E1212020202070000000000A4
:103533003C2222010101712122221C000000000013
:10354300E7424242427E42424242E700000000001C
:103553003E0808080808080808083E0000000000A4
:103563007C10101010101010101010110F0000001C
:103573007722120A0E0A121222227700000000009C
:10358300070202020202020202427F000000000060
:103593007736363636362A2A2A2A6B000000000090
:1035A300E346464A4A525252626247000000000014
:1035B3001C2241414141414141221C0000000000C5
:1035C3003F424242423E0202020207000000000064
:1035D3001C224141414141414D321C600000000029
:1035E3003F4242423E1212222242C7000000000024
:1035F3007C4242020418204042423E000000000088
:103603007F4908080808080808081C000000000093
:10361300E74242424242424242423C000000000032
:10362300E742422224241414180808000000000072
:103633006B2A2A2A2A2A36141414140000000000C4
:10364300E7422424181818242442E700000000004D
:10365300772222141408080808081C000000000040
:103663007E2120101008040442423F000000780825
:103673000808080808080808080808780000000275
:1036830004040408080810102020204040001E10E5
:1036930010101010101010101010101E000018241D
:1036A3000000000000000000000000000000000017
:1036B30000000000007E000000000000000006087B
:1036C30000000000000000000000000000000000F7
:1036D300000000001C22302C22326C00000000008D
:1036E300000302021A26424242261A00000000008A
:1036F30000000000384402020244380000000000C9
:10370300006040407C4242424262DC000000000014
:10371300000000003C42427E02423C0000000000E8
:10372300003048083E08080808083E000000000072
:10373300000000007C22221C023C42423C000000AC
:10374300000302023A4642424242E7000000000000
:103753000C0C00000E08080808083E0000000000DA
:103763003030000038202020202020221E000000BE
:103773000003020272120A0E1222770000000000F8
:10378300080E08080808080808083E0000000000A2
:10379300000000007F9292929292B7000000000016
:1037A300000000003B4642424242E70000000000A6
:1037B300000000003C42424242423C000000000044
:1037C300000000001B26424242261A0207000000A6
:1037D300000000005864424242645840E000000088
:1037E30000000000774C040404041F0000000000E4
:1037F300000000007C42023C40423E00000000000A
:10380300000008083E0808080848300000000000CF
:1038130000000000634242424262DC0000000000FC
:1038230000000000772222141408080000000000A2
:1038330000000000DB91525A2A24240000000000FB
:10384300000000006E241818182476000000000001
:1038530000000000E74224241818080806000000AE
:10386300000000007E22100808447E000000C020F3
:103873002020202020102020202020C00010101005
:10388300101010101010101010101010100003045E
:1038930004040404040804040404040300045A2074
:1038A3000000000000000000000000000000000015
:1038B3000000000000000000000000000000000005
:1038C300F800000000000000333000000000100C7E
:1038D30006100C0600000000000000000040C07845
:1038E30040C0784000043F04043F04040000708893
:1038F300FC08300000001820FF211E0000F008F033
:1039030000E018000000211C031E211E0000F00827
:1039130088700000001E2123241927211010160E81
:103923000000000000000000000000000000000094
:10393300E018040200000000071820400000020401
:1039430018E00000000040201807000000404080FD
:10395300F0804040000202010F010202000000005B
:10396300F0000000000101011F010101000000003F
:10397300000000000080B0700000000000000000A4
:10398300000000000000010101010101010000002D
:1039930000000000000030300000000000000000C4
:1039A3000080601804006018060100000000E010A9
:1039B300080810E000000F102020100F0000101066
:1039C300F8000000000020203F20200000007008C5
:1039D30008088870000030282422213000003008B5
:1039E30088884830000018202020110E000000C0F5
:1039F3002010F8000000070424243F240000F808E6
:103A030088880808000019212020110E0000E0100A
:103A13008888180000000F112020110E00003808BC
:103A230008C83808000000003F000000000070884C
:103A33000808887000001C222121221C0000E010CD
:103A4300080810E0000000312222110F00000000DE
:103A5300C0C0000000000000303000000000000083
:103A63008000000000000080600000000000008073
:103A730040201008000001020408102000404040CC
:103A830040404040000404040404040400000810FF
:103A9300204080000000201008040201000070484C
:103AA300080808F0000000003036010000C030C8EC
:103AB30028E810E0000718272423140B000000C097
:103AC30038E0000000203C23020227382008F88851
:103AD3008888700000203F202020110E00C030088D
:103AE3000808083800071820202010080008F808E4
:103AF300080810E000203F202020100F0008F8885D
:103B030088E8081000203F20202320180008F888A8
:103B130088E8081000203F200003000000C03008A0
:103B2300080838000007182020221E020008F808A1
:103B3300000008F808203F210101213F2000080868
:103B4300F8080800000020203F20200000000008A3
:103B530008F8080800C08080807F00000008F8880B
:103B6300C028180800203F20012638200008F80844
:103B73000000000000203F20202020300008F8F83B
:103B830000F8F80800203F003F003F200008F8300D
:103B9300C00008F808203F200007183F00E0100885
:103BA300080810E0000F10202020100F0008F8086C
:103BB300080808F000203F210101010000E010087F
:103BC300080810E0000F18242438504F0008F88824
:103BD3008888887000203F2000030C302000708804
:103BE30008080838000038202121221C0018080882
:103BF300F8080818000000203F2000000008F8081B
:103C0300000008F808001F202020201F00087888E3
:103C13000000C83808000007380E010000F808004B
:103C2300F80008F800033C0700073C030008186885
:103C3300808068180820302C03032C30200838C8F3
:103C430000C83808000000203F20000000100808CA
:103C530008C838080020382621202018000000005A
:103C6300FE020202000000007F40404000000C30D2
:103C7300C000000000000000010638C0000002027E
:103C830002FE000000004040407F000000000004EE
:103C93000202020400000000000000000000000017
:103CA300000000000080808080808080800002020D
:103CB300040000000000000000000000000000807D
:103CC30080808000000019242222223F2008F8006F
:103CD3008080000000003F112020110E0000000032
:103CE3008080800000000E112020201100000000C1
:103CF300808088F800000E112020103F20000080F3
:103D03008080800000001F22222222130000808076
:103D1300F0888888180020203F20200000000080C1
:103D23008080808000006B94949493600008F80076
:103D33008080800000203F210000203F20008098E9
:103D430098000000000020203F2020000000000019
:103D5300809898000000C08080807F000008F800F1
:103D63000080808000203F24022D302000000808BE
:103D7300F8000000000020203F2020000080808009
:103D83008080808000203F20003F20003F80800013
:103D93008080800000203F210000203F2000008021
:103DA3008080800000001F202020201F00808000D2
:103DB300808000000080FFA12020110E0000000081
:103DC3008080808000000E112020A0FF80808080F2
:103DD300008080800020203F21200001000000801F
:103DE30080808080000033242424241900008080F4
:103DF300E0808000000000001F2020000080800081
:103E03000000808000001F202020103F2080808041
:103E1300000080808000010E3008060100808000D1
:103E230080008080800F300C030C300F00008080F6
:103E330000808080000020312E0E312000808080A1
:103E4300000080808080818E7018060100008080D1
:103E530080808080000021302C222130000000006F
:103E630000807C020200000000003F404000000090
:103E730000FF00000000000000FF0000000002023D
:103E83007C800000000040403F000000000006016D
:103E93000102020404000000000000000000000012
:103EA3000000000000002F000000000700070000D2
:103EB300147F147F1400242A7F2A120062640813DB
:103EC3002300364955225000000503000000001C62
:103ED300224100000041221C000014083E08140087
:103EE30008083E0808000000A06000000808080851
:103EF30008000060600000002010080402003E512A
:103F030049453E0000427F4000004261514946005E
:103F13002141454B31001814127F100027454545B8
:103F230039003C4A4949300001710905030036490B
:103F330049493600064949291E000036360000006B
:103F43000056360000000814224100001414141413
:103F530014000041221408000201510906003249ED
:103F630059513E007C1211127C007F4949493600A9
:103F73003E41414122007F4141221C007F49494982
:103F830041007F09090901003E4149497A007F0840
:103F930008087F0000417F4100002040413F0100AD
:103FA3007F08142241007F40404040007F020C0202
:103FB3007F007F0408107F003E4141413E007F099E
:103FC300090906003E4151215E007F091929460077
:103FD30046494949310001017F0101003F4040400A
:103FE3003F001F2040201F003F4038403F00631424
:103FF300081463000708700807006151494543002E
:10400300007F41410000552A552A55000041417F58
:10401300000004020102040040404040400000014F
:10402300020400002054545478007F48444438006C
:10403300384444442000384444487F00385454549E
:104043001800087E0901020018A4A4A47C007F08BC
:104053000404780000447D4000004080847D00001B
:104063007F102844000000417F4000007C041804B6
:1040730078007C0804047800384444443800FC2465
:104083002424180018242418FC007C0804040800C5
:10409300485454542000043F444020003C404020F6
:1040A3007C001C2040201C003C4030403C00442845
:1040B300102844001CA0A0A07C004464544C441469
:1040C3001414141414CA3B7A1F009A7F309F117A78
:1040D3001F009E7E3400967E2400007A1F00A202F9
:1040E300464A7E1F009A7E1BB07AB300A6B425020F
:1040F300800302462A0B347A1F009A7E1BB024DB0E
:10410300BEB05440030246407EA003A49041137303
:10411300024617024640024640024640024640021B
:10412300464002464002464002464002464002469E
:104133004002464002464002464002464002464094
:1041430002464002464002464002464002464002C2
:10415300464002464002464002464002464002466E
:104163004002464002464002464002464002464064
:104173000246400242C10246400246400246400215
:10418300464002464002464002464002464002463E
:104193004002464002464002464002464002464034
:1041A300024640024640024640024516024640028D
:1041B300464002464002464002464002464002460E
:1041C3004002464002464002464002420F02423A43
:1041D3000246400242C102464002464002423A02BF
:1041E30046400246400246400246400246400244E0
:1041F300B00245C202464002464002457C024640A8
:1042030002444A0246400246400245167E1F00A26F
:104213001B367A1F00A27E0F00A2693000020B0A30
:10422300207A7300A77A3B700B747E1F009E0B1CD1
:104233007A1F009E0246407E1F00A21B367A1F0093
:10424300A27E0F00A2693000020B0A207A1F00C869
:10425300740A7AB300D17E0800A774011287C87A62
:10426300B300CC7E1F00C8BE18000058127EA02DDC
:104273007EB300CC0A4B19A400A7047AB300CC7E0A
:104283000800A77E7300CC0A376D221293757E73E4
:1042930000CC0A37CA397E1800A77F031299381B4E
:1042A300FD7E7300CC0A372D737E7300CC0A176D25
:1042B300007E1F009E2F107A1F009E0246407E1F25
:1042C30000A29E3400087A1F00A27E2F00A20B2AB0
:1042D300006912000269220004693200067A0F00A5
:1042E300C87A1F00CC740A7AB300D11224197E084D
:1042F30000A774011287C87AB300D09F449F557EEC
:104303000F00C87E1F00CC12236B50127EA02D7E9F
:10431300B300D00A4B19A400A7047AB300D07E08D7
:1043230000A77E7300D00A376D221293757E730047
:10433300D00A37CA397E1800A77F031299381BFDAC
:104343007E7300D00A372D737E7300D00A176D0079
:104353007E1F009E2F107A1F009E7E0F00C87E1FB7
:1043630000CC1224197CB41223CC7F407F517E0FE2
:1043730000C87E1F00CC1220A97E84412E7E948427
:10438300809F551221BC7A0F00C87A1F00CC7E0F84
:1043930000C87E1F00CCBE0800007804BE180000D1
:1043A3006818740A7AB300D11224197E0800A7741E
:1043B300011287C87AB300D0802A74307AB300AC74
:1043C30074307AB300AB74307AB300AA74307AB322
:1043D30000A974307AB300A874307AB300A77406C6
:1043E3007AB300D080127EA0307EB300D00A4B197E
:1043F300A400A7047AB300D07EA300D0BEA00640D9
:10440300E5742E0A4A19B400A77CBA047AB300D023
:104413007E0800A77E7300D00A376D221293757E43
:104423007300D00A37CA397E1800A77F0312993860
:104433001BFD7E7300D00A176D007E1F009E2F1098
:104443007A1F009E0246407E1F00A21B367A1F0081
:10445300A27E0F00A2693000020B0A207A1F00C857
:10446300740A7AB300D17E0800A7E41287C87AB32E
:1044730000CC7E0800A70A3B6D221293757E730061
:10448300CC0A37CA397E1800A77F031299381BFD5F
:104493007E7300CC0A372D737E7300CC0A176D0030
:1044A3007E1F009E2F107A1F009E0246407E1F0033
:1044B300A21B367A1F00A27E0F00A2693000020BF6
:1044C3000A207A1F00C874087AB300D17E0800A7B7
:1044D300E41287C87AB300CC7E0800A70A3B6D229A
:1044E3001293757E7300CC0A37CA397E1800A77FF2
:1044F300031299381BFD7E7300CC0A372D737E732C
:1045030000CC0A176D007E1F009E2F107A1F009E9D
:104513000246407E1F00A21B367A1F00A27E0F00B8
:10452300A2693000020B0A207A1F00C874107AB304
:1045330000D17E0800A7E41287C87AB300CC7E08B6
:1045430000A70A3B6D221293757E7300CC0A37CA0B
:10455300397E1800A77F031299381BFD7E7300CCA8
:104563000A372D737E7300CC0A176D007E1F009EE1
:104573002F107A1F009E0246407E1F00A21B367A30
:104583001F00A27E0F00A2693000020B0A207A1FCF
:1045930000A780207E1F00A77E1B707A3B700B74E0
:1045A3007E1F009E0B1C7A1F009E7E1F00A70B34EC
:1045B3007A1F00A77E1F00A77E1BB070D7807E7E68
:1045C3001F00A21B367A1F00A27E0F00A2693000D3
:1045D300020B0A207A1F00C874107AB300D17E0838
:1045E30000A7E41287C87E0800A77E18000812936C
:1045F300757E340008CA397E1800A77F03129938E4
:104603001BFD2E7400087E1F009E2E1800087A1FC3
:10461300009E802974257A3BB00B747E1F009E0B8D
:104623001C7A1F009E80167E1F009A7E1B707A3BA9
:10463300700B747E1F009E0B1C7A1F009E7E1F0052
:104643009A0B347A1F009A7E1F009A7E1BB0600378
:104653000240E57E1F009EDA3B22CA3B7F607F510A
:104663007E34A3F57E2400FF7E14003C741C1232BA
:104673009B7E34A4117E2400FF7E140058741C1208
:10468300329B7E34A42D7E2400FF7E140074741CA0
:1046930012329B7E34A4497E2400FF7E1400907462
:1046A3006212329B7E34A4AB7E2400FF7E1400F2A0
:1046B300740812329B7E34A4B37E2400FF7E140060
:1046C300FA740812329B7E34A4BB7E2400FF7E144E
:1046D3000102741012329B6D887D987E34A4CB7EC8
:1046E3002400FF7E140112740812329B7E3F003CAB
:1046F3007F157F0312310838030248257E0F0054CB
:104703007F1512310840030248257E7F00407F1544
:104713007F0712310838227E94FFFE7F177F031232
:104723002F2C7F717E1F00407F05122F2C7F0712D5
:1047330030877A1F00F20248557E3F00447F157F81
:104743000312310838227E94FFFF7E0F00407F134F
:10475300122F2C7F717F137F05122F2C7F071230AE
:10476300877A1F00F20248557E7F00487F157F0736
:1047730012310838206D997F177F03122F2C7F7118
:104783007E1F00487F05122F2C7F071230877A1F68
:1047930000F20248557E3F004C7F157F031231081B
:1047A30038227E9400017E0F00487F13122F2C7F46
:1047B300717F137F05122F2C7F071230877A1F001A
:1047C300F20248557E7F00507F157F07123108386B
:1047D300217E9400027F177F03122F2C7F717E1F8F
:1047E30000507F05122F2C7F071230877A1F00F2AB
:1047F30080607E0F00547F1512310838557E940077
:10480300037E0F00507E1F0054122F2C7F717E1FDA
:1048130000547F05122F2C7F071230877A1F00F276
:1048230080307E0F003C7F1512310838107E94FFD4
:10483300FE6D337E243F807A1F00F280157E0F00C9
:10484300547F15123108400A7E9400039F117A1F8A
:1048530000F27E0F00F26D337E243F80122F2C7AFC
:104863001F00F67E5F00587F167F0512310838035C
:104873000249907E0F00707F1612310840030249EF
:10488300907E7F005C7F167F0712310838207E847C
:10489300FFFE7F177F05122F2C7F517F177F061294
:1048A3002F2C7F051230877A1F00FA0249C07E5FE2
:1048B30000607F167F0512310838207E84FFFF7F5A
:1048C300157F07122F2C7F717F157F06122F2C7FE8
:1048D300071230877A1F00FA0249C07E7F00647F87
:1048E300167F07123108381E6D887F177F05122F38
:1048F3002C7F517F177F06122F2C7F051230877A6A
:104903001F00FA0249C07E5F00687F167F051231DF
:104913000838207E8400017F157F07122F2C7F71BA
:104923007F157F06122F2C7F071230877A1F00FA1C
:104933000249C07E7F006C7F167F07123108381F43
:104943007E8400027F177F05122F2C7F517F177FF4
:1049530006122F2C7F051230877A1F00FA805E7EA5
:104963000F00707F1612310838537E8400037E1FB8
:1049730000707F07122F2C7F717E1F00707F06123D
:104983002F2C7F071230877A1F00FA80307E0F00AA
:10499300587F1612310838107E84FFFE6D337E2453
:1049A3003F807A1F00FA80157E0F00707F16123148
:1049B30008400A7E8400039F117A1F00FA7E7F005D
:1049C300FA6D337E243F807F07122F2C7A1F00FE5F
:1049D3007D183E147E34000EAD392D31492300B0CD
:1049E3007A270112492300BE7A270114492300B212
:1049F3007A270116493300C07A3701187E1F00F267
:104A03007F07123108380A7E1F00F27A1F010280E5
:104A1300047A7F01027E6F00F67F167F071231084A
:104A230038067A6F010680047A7F01067E7F00FED6
:104A33007E1F00F27F07123108380A7E1F00F27AC8
:104A43001F010A80047A7F010A7F167F071231084B
:104A530038067A6F010E80047A7F010E7EB7011447
:104A6300BEB70112781B7E0F01067E1F01021231B1
:104A73000828089F117A1F010680069F117A1F01DB
:104A8300027EE70116BEE70112781B7E0F010A7E44
:104A93001F010212310828089F117A1F010A80069C
:104AA3009F117A1F01027EF70118BEF70112781BCE
:104AB3007E0F010E7E1F010212310828089F117A12
:104AC3001F010E80069F117A1F0102BEE7011478B1
:104AD3001B7E0F010A7E1F010612310828089F1151
:104AE3007A1F010A80069F117A1F0106BEF701147F
:104AF300781B7E0F010E7E1F010612310828089FC6
:104B0300117A1F010E80069F117A1F0106BEF7015D
:104B130016781B7E0F010E7E1F010A12310828082A
:104B23009F117A1F010E80069F117A1F010A7EA72B
:104B330001123EA43EA4491A0076490A00747E6F0E
:104B430001027F16122FE77F317D3B3E343E34490D
:104B5300130076490300747E1F0106122FE77F417D
:104B63003EE43EE4491E0076490E00747E1F010AAE
:104B7300122FE77F517D3F3E343E3449130076497F
:104B83000300747E1F010E122FE77F717F137F04D2
:104B9300122F2F7F05122F2F7F07122F2F7F717E4A
:104BA3000F01067F16122F2F7E0F010A122F2F7E61
:104BB3000F010E122F2F7F017F17123087DA3B224E
:104BC300CA3B7F607F517E34A4D37E2400FF7E14D2
:104BD300003C741C12329B7E34A4EF7E2400FF7EC3
:104BE300140058741C12329B7E34A50B7E2400FFE4
:104BF3007E140074741C12329B7E34A5277E24001D
:104C0300FF7E140090746212329B7E34A5897E2449
:104C130000FF7E1400F2740812329B7E34A5917E4D
:104C23002400FF7E1400FA740812329B7E34A59987
:104C33007E2400FF7E140102741012329B6D887D66
:104C4300987E34A5A97E2400FF7E140112740812F5
:104C5300329B7E3F003C7F157F03123108380302ED
:104C63004D8B7E0F00547F151231084003024D8B8C
:104C73007E7F00407F157F0712310838227E94FF24
:104C8300FE7F177F03122F2C7F717E1F00407F054D
:104C9300122F2C7F071230877A1F00F2024DBB7E42
:104CA3003F00447F157F0312310838227E94FFFFB3
:104CB3007E0F00407F13122F2C7F717F137F05120D
:104CC3002F2C7F071230877A1F00F2024DBB7E7FA5
:104CD30000487F157F0712310838206D997F177FB1
:104CE30003122F2C7F717E1F00487F05122F2C7F0C
:104CF300071230877A1F00F2024DBB7E3F004C7FC4
:104D0300157F0312310838227E9400017E0F00487C
:104D13007F13122F2C7F717F137F05122F2C7F0798
:104D23001230877A1F00F2024DBB7E7F00507F1541
:104D33007F0712310838217E9400027F177F031208
:104D43002F2C7F717E1F00507F05122F2C7F07129F
:104D530030877A1F00F280607E0F00547F15123176
:104D63000838557E9400037E0F00507E1F005412B6
:104D73002F2C7F717E1F00547F05122F2C7F07126B
:104D830030877A1F00F280307E0F003C7F1512318E
:104D93000838107E94FFFE6D337E243F807A1F0017
:104DA300F280157E0F00547F15123108400A7E945D
:104DB30000039F117A1F00F27E0F00F26D337E24F1
:104DC3003F80122F2C7A1F00F67E5F00587F167FDC
:104DD300051231083803024EF67E0F00707F16125B
:104DE30031084003024EF67E7F005C7F167F071278
:104DF300310838207E84FFFE7F177F05122F2C7F1A
:104E0300517F177F06122F2C7F051230877A1F00E0
:104E1300FA024F267E5F00607F167F051231083845
:104E2300207E84FFFF7F157F07122F2C7F717F1554
:104E33007F06122F2C7F071230877A1F00FA024F4A
:104E4300267E7F00647F167F07123108381E6D8827
:104E53007F177F05122F2C7F517F177F06122F2C70
:104E63007F051230877A1F00FA024F267E5F0068A3
:104E73007F167F0512310838207E8400017F157F5D
:104E830007122F2C7F717F157F06122F2C7F07129D
:104E930030877A1F00FA024F267E7F006C7F167FD1
:104EA30007123108381F7E8400027F177F05122FF7
:104EB3002C7F517F177F06122F2C7F051230877AA4
:104EC3001F00FA805E7E0F00707F16123108385380
:104ED3007E8400037E1F00707F07122F2C7F717E5C
:104EE3001F00707F06122F2C7F071230877A1F0056
:104EF300FA80307E0F00587F1612310838107E84F6
:104F0300FFFE6D337E243F807A1F00FA80157E0FEB
:104F130000707F16123108400A7E8400039F117AC5
:104F23001F00FA7E7F00FA6D337E243F807F0712D5
:104F33002F2C7A1F00FE7D183E147E34000EAD39EF
:104F43002D31492300B07A270112492300BE7A2765
:104F53000114492300B27A270116493300C07A3776
:104F630001187E1F00F27F07123108380A7E1F00E6
:104F7300F27A1F010280047A7F01027E6F00F67FBE
:104F8300167F0712310838067A6F010680047A7F8C
:104F930001067E7F00FE7E1F00F27F071231083874
:104FA3000A7E1F00F27A1F010A80047A7F010A7FBA
:104FB300167F0712310838067A6F010E80047A7F54
:104FC300010E7EB70114BEB70112781B7E0F0106D6
:104FD3007E1F010212310828089F117A1F010680E3
:104FE300069F117A1F01027EE70116BEE7011278C0
:104FF3001B7E0F010A7E1F010212310828089F1130
:105003007A1F010A80069F117A1F01027EF7011899
:10501300BEF70112781B7E0F010E7E1F01021231B3
:105023000828089F117A1F010E80069F117A1F011D
:1050330002BEE70114781B7E0F010A7E1F010612D0
:10504300310828089F117A1F010A80069F117A1FD1
:105053000106BEF70114781B7E0F010E7E1F0106A9
:1050630012310828089F117A1F010E80069F117ABA
:105073001F0106BEF70116781B7E0F010E7E1F016E
:105083000A12310828089F117A1F010E80069F110A
:105093007A1F010A7EA701123EA43EA4491A007694
:1050A300490A00747E6F01027F16122FE77F317D5C
:1050B3003B3E343E3449130076490300747E1F019E
:1050C30006122FE77F413EE43EE4491E0076490E77
:1050D30000747E1F010A122FE77F517D3F3E343E4D
:1050E3003449130076490300747E1F010E122FE723
:1050F3007F717F137F04122F2F7F05122F2F7F07BE
:10510300122F2F7F717E0F01067F16122F2F7E0F16
:10511300010A122F2F7E0F010E122F2F7F017F17EF
:10512300123087DA3B227D127D234D116803025230
:105133005C7D325E3400F0781E7CB5540F7E040033
:105143000160053E041478FB7CB17CAB6EA0FF7C50
:10515300BA52937CBA5294BE340010781E7CB55474
:105163000F7E04000160053E041478FB7CB17CAB28
:105173006EA0FF7CBA52917CBA5292BE3400207862
:105183001E7CB5540F7E04000160053E041478FBB9
:105193007CB17CAB6EA0FF7CBA52957CBA5296BEB2
:1051A300340030781E7CB5540F7E04000160053E48
:1051B300041478FB7CB17CAB6EA0FF7CBA52B17C4B
:1051C300BA52B2BE340040781E7CB5540F7E040040
:1051D3000160053E041478FB7CB17CAB6EA0FF7CC0
:1051E300BA52B37CBA52B4BE340050781E7CB55464
:1051F3000F7E04000160053E041478FB7CB17CAB98
:105203006EA0FF7CBA52C97CBA52CABE3400607821
:105213001E7CB5540F7E04000160053E041478FB28
:105223007CB17CAB6EA0FF7CBA52CB7CBA52CCBEB5
:1052330034007068030255917CB5540F7E3400012D
:1052430060053E341478FB7CB77CAB6EA0FF7CBA60
:1052530052E17CBA52E2025591BE14000168030286
:1052630053757D325E3400F0781B7CB5540F7E0499
:10527300000160053E041478FB7CA17CBA64FF52F4
:10528300937CBA4294BE340010781B7CB5540F7ED5
:1052930004000160053E041478FB7CA17CBA64FF22
:1052A30052917CBA4292BE340020781B7CB5540FD5
:1052B3007E04000160053E041478FB7CA17CBA6483
:1052C300FF52957CBA4296BE340030781B7CB554AD
:1052D3000F7E04000160053E041478FB7CA17CBAB8
:1052E30064FF52B17CBA42B2BE340040781B7CB535
:1052F300540F7E04000160053E041478FB7CA17CFE
:10530300BA64FF52B37CBA42B4BE340050781B7CFB
:10531300B5540F7E04000160053E041478FB7CA1A4
:105323007CBA64FF52C97CBA42CABE340060781B9F
:105333007CB5540F7E04000160053E041478FB7CA9
:10534300A17CBA64FF52CB7CBA42CCBE34007068F5
:10535300030255917CB5540F7E34000160053E3441
:105363001478FB7CA77CBA64FF52E17CBA42E20268
:105373005591BE140002680302548E7D325E3400E0
:10538300F0781B7CB5540F7E04000160053E0414C5
:1053930078FB7CA17CBA42937CBA64FF5294BE34FE
:1053A3000010781B7CB5540F7E04000160053E0499
:1053B3001478FB7CA17CBA42917CBA64FF5292BE02
:1053C300340020781B7CB5540F7E04000160053E39
:1053D300041478FB7CA17CBA42957CBA64FF529694
:1053E300BE340030781B7CB5540F7E040001600589
:1053F3003E041478FB7CA17CBA42B17CBA64FF52B0
:10540300B2BE340040781B7CB5540F7E04000160AB
:10541300053E041478FB7CA17CBA42B37CBA64FFDA
:1054230052B4BE340050781B7CB5540F7E04000187
:1054330060053E041478FB7CA17CBA42C97CBA6443
:10544300FF52CABE340060781B7CB5540F7E040043
:105453000160053E041478FB7CA17CBA42CB7CBA84
:1054630064FF52CCBE34007068030255917CB5547E
:105473000F7E34000160053E341478FB7CA77CBAB0
:1054830042E17CBA64FF52E2025591BE1400036804
:10549300030255917D325E3400F078197CB5540FC8
:1054A3007E14000160053E141478FB7CA37CBA4291
:1054B300937CBA4294BE34001078197CB5540F7EA5
:1054C30014000160053E141478FB7CA37CBA42915E
:1054D3007CBA4292BE34002078197CB5540F7E14F6
:1054E300000160053E141478FB7CA37CBA42957CD2
:1054F300BA4296BE34003078197CB5540F7E14003E
:105503000160053E141478FB7CA37CBA42B17CBADB
:1055130042B2BE34004078197CB5540F7E140001AA
:1055230060053E141478FB7CA37CBA42B37CBA4278
:10553300B4BE34005078197CB5540F7E140001605A
:10554300053E141478FB7CA37CBA42C97CBA42CAD8
:10555300BE34006078197CB5540F7E1400016005D9
:105563003E141478FB7CA37CBA42CB7CBA42CCBEFB
:1055730034007078197CB5540F7E34000160053E09
:10558300341478FB7CA77CBA42E17CBA42E2227DE8
:1055930053BE54007440030259407E340003AD539C
:1055A3002E5455A989540257050257130257210255
:1055B300572F02573D02574B025940025940025997
:1055C3004002594002594002594002594002594091
:1055D3000259400259400257590257670257750250
:1055E300578302579102579F02594002594002596B
:1055F3004002594002594002594002594002594061
:105603000259400259400257AD0257BB0257C90223
:1056130057D70257E50257F302594002594002593E
:105623004002594002594002594002594002594030
:1056330002594002594002580102580F02581D02F4
:10564300582B0258390258470258550258630259D9
:105653004002594002594002594002594002594000
:1056630002594002594002587102587F02588D0274
:10567300589902594002594002594002594002596F
:1056830040025940025940025940025940025940D0
:105693000259400259400258A70258B50258C202A3
:1056A30058CD02594002594002594002594002590B
:1056B30040025940025940025940025940025940A0
:1056C3000259400259400258DA0258E70258F402DC
:1056D30059010259400259400259400259400259A6
:1056E3004002594002594002594002594002594070
:1056F30002594002594002590E02591B025928020D
:1057030059357E3400107E2400011251290259407C
:105713007E3400117E2400011251290259407E3447
:1057230000207E2400011251290259407E340021B9
:105733007E2400011251290259407E3400607E24E8
:1057430000011251290259407E3400617E24000178
:105753001251290259407E3400127E240001125155
:10576300290259407E3400137E240001125129027C
:1057730059407E3400227E240001125129025940EF
:105783007E3400237E2400011251290259407E34C5
:1057930000627E2400011251290259407E340063C5
:1057A3007E2400011251290259407E3400147E24C4
:1057B30000011251290259407E3400157E24000154
:1057C3001251290259407E3400247E2400011251D3
:1057D300290259407E3400257E24000112512902FA
:1057E30059407E3400647E2400011251290259403D
:1057F3007E3400657E2400011251290259407E3413
:1058030000167E2400011251290259407E340017EC
:105813007E2400011251290259407E3400267E2441
:1058230000011251290259407E3400277E240001D1
:105833001251290259407E3400667E240001125120
:10584300290259407E3400677E2400011251290247
:1058530059407E3400347E240001125129025940FC
:105863007E3400337E2400011251290259407E34D4
:1058730000207E2400011251290259407E34001772
:105883007E2400011251290259406D337E24000108
:105893001251290259407E3400747E2400011251B2
:1058A300290259407E3400217E240001125129022D
:1058B30059407E3400547E240001125129807E7E9B
:1058C3002400017D3212512980737E3400757E24B9
:1058D300000112512980667E3400227E24000112C9
:1058E300512980597E3400337E24000112512980CE
:1058F3004C7E3400027E240001125129803F7E3405
:1059030000767E24000112512980327E3400237EEA
:1059130024000112512980257E3400347E240001A5
:1059230012512980187E3400037E2400011251296C
:10593300800B7E3400777E24000112512922CA3B5A
:105943007E77044D7A7703E97A7703F97EB304828D
:10595300B401028003025A487EB3046A6003025A08
:10596300487EB304A9BEB0017803025A487E670497
:1059730080BE64000008617D267CB41231537E141E
:10598300D70A7E04BBA3122FE77E14CCCD7E043F3F
:105993004C122F2F7F017E2703E97CB4123153125F
:1059A3002FE712318B7A3703E97D267CB41223D19A
:1059B3007E843FB97E9499997EA499997EB4999AED
:1059C3001221BC7F407F517D277CB41223D112204A
:1059D300AD1224197A3703F9BE64000058677D2697
:1059E3007CB41231537E14D70A7E043BA3122FE7F3
:1059F3007E14CCCD7E043F4C122F2F7F017E2703D4
:105A0300F97CB4123153122FE712318B7A3703F931
:105A13007E34FFFFAD367D237CB41223D17E843FD9
:105A2300B97E9499997EA499997EB4999A1221BCCE
:105A33007F407F517D277CB41223D11220AD1224E5
:105A4300197A3703E97EB30482BEB0017803025B9F
:105A53002C7EB3046A6003025B2C7EB304A9BEB040
:105A6300017803025B2C7E270480BE2400000850CB
:105A73007CB41231537F717E149BA67E04BBC47F1A
:105A830017122FE77E14CCCD7E043F4C122F2F7FAD
:105A9300017E2703E97CB4123153122FE712318BB5
:105AA3007A3703E97E0F04597F17122FE77F017DB1
:105AB300277CB4123153122F2F12318B7A3703F90B
:105AC3007E370480BE340000585F7E2704807CB498
:105AD3001231537E149BA67E043BC4122FE77E141F
:105AE300CCCD7E043F4C122F2F7F017E2703F97C00
:105AF300B4123153122FE712318B7A3703F97E2711
:105B030004807E34FFFFAD327D237CB41231537E9B
:105B13000F0459122FE77F017D277CB412315312F2
:105B23002F2F12318B7A3703E97EB304A9B4010214
:105B33008003025C067E670480BE640000085F7D0C
:105B4300267CB41231537E14126F7E04BC03122FD1
:105B5300E76D117E043F40122F2F7F017E2703E95B
:105B63007CB4123153122FE712318B7A3703E97D5C
:105B7300267CB41223D17E843FC97E9499997EA456
:105B830099997EB4999A1221BC7F407F517D277CDD
:105B9300B41223D11220AD1224197A3703F9BE644B
:105BA3000000585F7D267CB41231537E14126F7E41
:105BB300043C03122FE76D117E043F40122F2F7F09
:105BC300017E2703F97CB4123153122FE712318B74
:105BD3007A3703F97D267CB41223D17E84BFC97E34
:105BE3009499997EA499997EB4999A1221BC7F4085
:105BF3007F517D277CB41223D11220AD1224197A50
:105C03003703E97EF70480BEF4000008477EB3043F
:105C13006ABEB0046803B4033BBEB00568367D2F8B
:105C23007CB41231537E14C28F7E04BBF5122FE76E
:105C33007E14CCCD7E043F4C122F2F7F017E270391
:105C4300E97CB4123153122FE712318B7A3703E90F
:105C53007A7703F9BEF4000058477EB3046ABEB0F6
:105C6300046803B4033BBEB00568367D2F7CB412D1
:105C730031537E14C28F7E043BF5122FE77E14CC82
:105C8300CD7E043F4C122F2F7F017E2703F97CB476
:105C9300123153122FE712318B7A3703F97A7703D4
:105CA300E9DA3B22CA797E34A6BB7E2400FF7E1448
:105CB3000014741412329B7E34A6CF7E2400FF7E20
:105CC300140028741412329B6D77025D637E3400D6
:105CD3000E6D2212963F7D23E41231537D173E143D
:105CE3003E1459310259592102577E34000D6D2259
:105CF30012963F7D23E41231537D173E143E14590F
:105D030031026D5921026B7E3400056D2212963FDC
:105D13007D23E41231537D173E143E145931028121
:105D23005921027F7E3400086D2212963F7D23E4C1
:105D33001231537D173E143E1459310295592102F5
:105D4300937E3400046D2212963F7D23E412315377
:105D53007D173E143E14593102A9592102A70B7431
:105D6300BE7400055803025CD06DFF7D7F805D6DBE
:105D7300EE80516DDD80417DCD3EC43EC47E340056
:105D830014AD372DC349BC025D49AC025B499C028B
:105D930059498C02577F147F0512310828187A4F0E
:105DA30002BB59BC025959AC02577E1F02BB593C76
:105DB300025D592C025B0BD47EC400049DCEBDCD85
:105DC30018B50BE4BEE4000448A90B74BE740005C7
:105DD300489D7D7F804D7ED40014ADD7491D02615F
:105DE300490D025F493D025D492D025B122F2F4988
:105DF3001D0265490D0263122F2F7DE73EE43EE449
:105E0300593E02C1592E02BF493E02C1492E02BF6B
:105E13006D117E044040123087593E02D5592E023F
:105E2300D30B74BE74000548AD7D7F801E7DE73EB5
:105E3300E43EE4493E02D5492E02D37E140014AD5C
:105E43001759310269592102670B74BE7400054862
:105E5300DC7D7F80587DE73EE43EE4493E025D49B8
:105E63002E025B593E0259592E0257493E0271498F
:105E73002E026F593E026D592E026B493E0285492F
:105E83002E0283593E0281592E027F493E029949CF
:105E93002E0297593E0295592E0293493E02AD496F
:105EA3002E02AB593E02A9592E02A70B74BE7400F1
:105EB3000448A27D7F80677DE73EE43EE4491E02FD
:105EC30059490E02577E1F0028122F2F7A1F0028D0
:105ED300491E026D490E026B7E1F002C122F2F7A72
:105EE3001F002C491E0281490E027F7E1F003012C3
:105EF3002F2F7A1F0030491E0295490E02937E1FF1
:105F03000034122F2F7A1F0034491E02A9490E02B2
:105F1300A77E1F0038122F2F7A1F00380B74BE7410
:105F2300000548937D7F80527DE73EE43EE4493E91
:105F3300002A492E00286D117E0440A01230875993
:105F43003E02E9592E02E7593E0231592E022F49EA
:105F5300DE024549CE0243493E02E9492E02E77F6C
:105F630006123108280859DE02E959CE02E79F11CB
:105F7300593E002A592E00280B74BE74000548A808
:105F83007D7F802C7DF73EF43EF4491F02E9490FE3
:105F930002E76D337E2442C8122FE7491F024549A9
:105FA3000F0243123087593F0016592F00140B7408
:105FB300BE74000548CE7E1F00147A1F021B7E1F8D
:105FC30000187A1F021F7E1F001C7A1F02237E1FE8
:105FD30000207A1F02277E1F00247A1F022BDA7902
:105FE30022CA3B7A0F003C7D736D6643BA807D37CE
:105FF3001255927E1F06DC7E0F003C1232167D1274
:106003006D007D617F717D160B147F171232147F33
:10601300711B7C7E1F0040BE1827106823E41231D9
:106023004E7E1440007E04461C1230877F017F178A
:10603300E412314E122FE712318B7A1F004480088D
:106043007F170B1C7A1F0044BE7400405803026183
:10605300277D570E540E540E540E541B563E547C3B
:10606300AB7E1400017CBA60053E141478FB7E34C9
:10607300FEB57E24007E7E1BB04CB37A1BB07D3709
:106083005E3400037CBA60053E341478FB7C677E83
:1060930014FEB67E04007E7E0B704C767A0B707D08
:1060A300570E540E540E540E545E5400013E543E8B
:1060B300547E34000160053E341478FB7C677D1701
:1060C3000E140E140E140E140E141A021A007F204E
:1060D3002F222F222E4400FF2E28A5D16912000261
:1060E3000B2A007E0B704C767A0B707D160A127E9B
:1060F30034FEF07E24007E7A1B307C3D7E34FEF13C
:106103007E24007E7A1B3074807E34FEFD7E240064
:106113007E7A1BB074017E34FEE07E24007E7A1BFF
:10612300B002620A7D570E540E540E540E543E5460
:106133007CAB7CBF54017E3400017D2360053E248B
:106143001478FB7CBA60053E241478FB7E14FEB100
:106153007E04007E7E0BB04CB57A0BB07D275E24A7
:1061630000070E247CBA60053E241478FB7C457E30
:1061730014FEB27E04007E7E0B504C547A0B507D8D
:10618300270E240E240E240E245E2400013E243EFA
:10619300247D575E5400013E542D5260053E341455
:1061A30078FB7C677D170E140E140E140E140E1458
:1061B3001A021A007F202F222F222E4400FF2E289E
:1061C300A5D1691200020B2A007E0B704C767A0B64
:1061D300707D160A127E34FED07E24007E7A1B3038
:1061E3007C3D7E34FED17E24007E7A1B3074807E1B
:1061F30034FEDD7E24007E7A1BB074017E34FEC043
:106203007E24007E7A1BB07D1F7C327D370E340ED8
:10621300340E340E340E340E341A261A247F212FF2
:10622300222F222E4400FF2E28A601693200020BE2
:106233002A207A1B307D3F7C377D370E340E340E97
:10624300340E340E340E341A261A247F212F222FB3
:10625300222E4400FF2E28A601693200020B2A20B9
:106263000B1C7A1B307E1F00447C367D370E340EA8
:10627300340E340E341A261A247F212F222F222E75
:106283004400FF2E28A5E1693200020B2A207A1B65
:10629300307E2F00447D370E340E340E340E341A04
:1062A300261A247F012F002F007F702EE400FF2E7B
:1062B30078A5E1693700020B7A200B1C7A1BB02EFC
:1062C3000400FF2E08A5B1693000020B0A207E1BD3
:1062D300B044607A1BB07D370E340E340E340E3466
:1062E3001A261A247F012F002F002E0400FF2E08E8
:1062F300A5B1693000020B0A207E1BB044087A1B4B
:10630300B0DA3B22CA797E7704A7BE740001781BFA
:106313007E27044F7CB41223D17E843FE86D999F7E
:10632300551221BC1224197A37044DBE740001782A
:10633300536D117E04428C7E7F02237F1712310836
:1063430040426D117E0442B47F1712310838356D17
:10635300117E0442AA7E7F02277F17123108402450
:106363007E0F021F7F17123108401974037AB3049A
:10637300827E3400027A3704A77E1F04D812318B41
:106383007A37047E7E3704A7BE34000278597E3400
:1063930000497A3704807E27047E7CB41231537F10
:1063A300017E1F04D8122F2C6D117E04422012315E
:1063B30008502C7E27049D7CB41223D17E843FE5B4
:1063C3007E9470A37EA4D70A7EB43D711221BC7F54
:1063D300407F517E1F022312247912236B38087EDB
:1063E3003400037A3704A77E3704A7BE340003685A
:1063F300030264757E3704537A37044D7E1F04838A
:106403007A1F06337E1F04877A1F063B7E1F04D242
:106413007A1F048B7E0806331275977A3704807EC1
:1064230027047E7CB41231537F017E1F04D8122FC0
:106433002C7E1480007E044384123108502C7E2766
:10644300049D7CB41223D17E843FE17E9499997E8E
:10645300A499997EB4999A1221BC7F407F517E1FE3
:10646300022312247912236B40087E3400047A3706
:1064730004A77E3704A7BE34000478597E34003E57
:106483007A3704807E27047E7CB41231537F017EE9
:106493001F04D8122F2C6D117E0443A01231085013
:1064A3002C7E27049D7CB41223D17E843FED7E9401
:1064B300C28F7EA45C287EB4F5C31221BC7F407FCB
:1064C300517E1F022312247912236B40087E34006D
:1064D300057A3704A77E3704A7BE34000568030294
:1064E30065847E3704517A37044D7E1F048B7A1FEF
:1064F30004C27E1F021B122479122524CA0BCA1B55
:106503007E1F022B122479122524DA5BDA4B122028
:10651300A97F407F517E2704997CB41223D1122195
:10652300BC1224BB7F717E0F021B7E1F022B122F16
:106533002F7F017F171230877A1F048B6D337E24E0
:1065430040B07A1F06336D337E2440907A1F063B9A
:106553007E0806337E1F048B1275977A3704807E7C
:106563001F04A3BE18009640186D337A37047E7A51
:106573003704A77EB304C1047AB304C1E47AB30435
:1065830066DA79227E3400107A370690C2B1D2B02F
:10659300D2EFD2ED7E7306987A73069C7E730699CA
:1065A3007A73069D7E73069A7A73069E7E73069BA4
:1065B3007A73069FA2C7E4337AB30698A2C4E4337E
:1065C3007AB30699A2EBE4337AB3069AA2E9E433E9
:1065D3007AB3069B7E5306984C55680E7EB3069C91
:1065E30070087E3400017A3706907E6306994C6604
:1065F300680E7EB3069D70087E1400027A1706901B
:106603007E73069A4C77680E7EB3069E70087E14DE
:1066130000037A1706907EA3069B4CAA680E7EB3EE
:10662300069F70087E14000C7A170690D2B1C2B090
:10663300D2EFD2ED7A53069C7A63069D7A73069E57
:106643007AA3069FA2C7E4337AB30698A2C4E433BD
:106653007AB30699A2EBE4337AB3069AA2E9E43358
:106663007AB3069B7E5306984C55680E7EB3069C00
:1066730070087E3400047A3706907E6306994C6670
:10668300680E7EB3069D70087E1400057A17069087
:106693007E73069A4C77680E7EB3069E70087E144E
:1066A30000067A1706907EA3069B4CAA680E7EB35B
:1066B300069F70087E14000D7A170690D2B1D2B0EF
:1066C300C2EFD2ED7A53069C7A63069D7A73069ED7
:1066D3007AA3069FA2C7E4337AB30698A2C4E4332D
:1066E3007AB30699A2EBE4337AB3069AA2E9E433C8
:1066F3007AB3069B7E5306984C55680E7EB3069C70
:1067030070087E3400077A3706907E6306994C66DC
:10671300680E7EB3069D70087E1400087A170690F3
:106723007E73069A4C77680E7EB3069E70087E14BD
:1067330000097A1706907EA3069B4CAA680E7EB3C7
:10674300069F70087E14000E7A170690D2B1D2B05D
:10675300D2EFC2ED7A53069C7A63069D7A73069E46
:106763007AA3069FA2C7E4337AB30698A2C4E4339C
:106773007AB30699A2EBE4337AB3069AA2E9E43337
:106783007AB3069B7EB30698600E7EB3069C7008B0
:106793007E34000A7A3706907EB30699600C7EB386
:1067A300069D70066D337A3706907EB3069A600EA7
:1067B3007EB3069E70087E34000B7A3706907EB354
:1067C300069B600E7EB3069F70087E34000F7A37F7
:1067D3000690D2B1D2B0D2EFD2ED7E370690227EB0
:1067E30027049D7CB41231537E0F0223122F2C12E7
:1067F300318B129CE07D237CB41231537A1F04CE7B
:106803007E27049D7CB41231537F017E1F04CE1278
:1068130030877F017E2704977CB4123153122FE710
:106823007A1F04D27E0F04C27E7F048B7F17122F40
:106833002C7A1F04C67EB30482B40102800302686B
:10684300C07E37044F7A37044D7A7F04C27E1F021D
:106853001B122479122524CA0BCA1B7E1F022B127A
:106863002479122524DA5BDA4B1220A97F407F5169
:106873007E2704997CB41223D11221BC1224BB7F3E
:10688300717E0F021B7E1F022B122F2F7E0F0223FE
:10689300122F2F7F017F171230877A1F048B7E1FE1
:1068A30004B27A1F06337E1F04B67A1F063B7E08A6
:1068B30006337E1F048B1275977A3704807EB304E8
:1068C30082B4020280030269C77E1F048F122479F7
:1068D3007E84BFCD7E9470A37EA4D70A7EB43D711F
:1068E30012236B50667E1F04931224797E84BFDECD
:1068F3007E94147A7EA4E1477EB4AE1412236B50C7
:106903004A7E3704517A37044D7E1F048B7A1F0465
:10691300C27E0F04D26D337E24BF80122FE77A1F0D
:10692300048B7E0F04C612465D7A1F06337E1F0456
:106933008B7E0F04C6124BC37A1F063B7E080633B9
:106943007E1F048B1275977A3704807E1F048F1283
:1069530024797E843FCD7E9470A37EA4D70A7EB42F
:106963003D7112236B285D7E1F04931224797E846C
:106973003FDE7E94147A7EA4E1477EB4AE141223E4
:106983006B28417E3704517A37044D7E1F048B7A7E
:106993001F04C27E1F04D27A1F048B7E0F04C6120B
:1069A300465D7A1F06337E1F048B7E0F04C6124B8F
:1069B300C37A1F063B7E0806337E1F048B1275972E
:1069C3007A3704807EB30466B401031263077EB38F
:1069D3000467B401031269E67EB30468B4010312C9
:1069E3007F8322CA797E7704A7BE740001781B7E59
:1069F30027044F7CB41223D17E843FE86D999F55C1
:106A03001221BC1224197A37044DBE740001785345
:106A13006D117E04428C7E7F02237F171231084062
:106A2300426D117E0442AE7F1712310838356D1165
:106A33007E0442AA7E7F021F7F1712310840247E04
:106A43000F02277F17123108401974057AB30482A5
:106A53007E3400027A3704A77E1F04D812318B7A62
:106A630037047E7E3704A7BE340002782D7E34FFC0
:106A7300B87A3704807E27047E7CB41231537F01B9
:106A83007E1F04D8122F2C6D117E04C220123108F0
:106A930038087E3400037A3704A77E3704A7BE3450
:106AA300000378597E3704537A37044D7E1F0483DD
:106AB3007A1F06337E1F04877A1F063B7E0F04D29C
:106AC3006D337E24BF80122FE77A1F048B7E080666
:106AD300331275977A3704807E27047E7CB4123193
:106AE300537F017E1F04D8122F2C6D117E04C387A0
:106AF30012310838087E3400047A3704A77E37043D
:106B0300A7BE340004782D7E34FFC07A3704807E1C
:106B130027047E7CB41231537F017E1F04D8122FC9
:106B23002C6D117E04C3A012310838087E34000591
:106B33007A3704A77E3704A7BE3400056803026BC7
:106B4300E37E3704517A37044D7E1F048B7A1F048A
:106B5300C27E1F021B122479122524CA0BCA1B7E74
:106B63001F022B122479122524DA5BDA4B1220A997
:106B73007F407F517E2704997CB41223D11221BC1C
:106B83001224BB7F717E0F021B7E1F022B122F2F3D
:106B93007F017F171230877A1F048B6D337E244069
:106BA300A07A1F06336D337E2440907A1F063B7E06
:106BB3000806337E1F048B1275977A3704807E1F75
:106BC30004A3BE18009640186D337A37047E7A37D3
:106BD30004A77EB304C1047AB304C1E47AB304679F
:106BE300DA79226D337A37003C7A37003E7E3400FF
:106BF300017E2400107E1400117E040012E4127C36
:106C0300C3C2A07E34000A129C07D2A07E3400784F
:106C1300129C077411129D2C7E340078129C077409
:106C2300B1129D2C7401129D3A742C129D3A742D4D
:106C3300129D3A74B2129D2C7401129D3A742C1257
:106C43009D3A742D129D3A74B3129D2C7401129DBA
:106C53003A742C129D3A742D129D3A7401129D3A86
:106C6300742C129D3A742D129D3A74B4129D2C7497
:106C730007129D3A74C0129D2C74A2129D3A74029D
:106C8300129D3A7484129D3A74C1129D2C74C512DC
:106C93009D3A74C2129D2C740A129D3AE4129D3AD5
:106CA30074C3129D2C748A129D3A742A129D3A74ED
:106CB300C4129D2C748A129D3A74EE129D3A74C5C7
:106CC300129D2C740E129D3A7436129D2C74601210
:106CD3009D3A74E0129D2C740F129D3A741A129D02
:106CE3003A740F129D3A7418129D3A742F129D3AFA
:106CF3007428129D3A7420129D3A7422129D3A749C
:106D03001F129D3A741B129D3A7423129D3A7437D5
:106D1300129D3AE4129D3A7407129D3A7402129D31
:106D23003A7410129D3A74E1129D2C740F129D3A1D
:106D3300741B129D3A740F129D3A7417129D3A7484
:106D430033129D3A742C129D3A7429129D3A742E73
:106D5300129D3A7430129D3A7430129D3A7439126E
:106D63009D3A743F129D3AE4129D3A7407129D3A7C
:106D73007403129D3A7410129D3A742A129D2CE4E6
:106D8300129D3A7402129D3AE4129D3A7482129D46
:106D93003A742B129D2CE4129D3A7403129D3AE42B
:106DA300129D3A7483129D3A74F0129D2C74011251
:106DB3009D3A74F6129D2CE4129D3A743A129D2C5E
:106DC3007405129D3A7429129D2C7E34FFFF12968E
:106DD3000E227DD07DF17DE27DC37E1F06DC7E0F1A
:106DE300003C12321674027F011E141E0450034E1F
:106DF30020801478F46D337E2400019F101BC47827
:106E030003026EA51BC47803026EEA1BC478030257
:106E13006F462EC400036803026FA6BED400017838
:106E23001D439850E589F5897CB7F58B7D530A5A44
:106E3300F58D438E40D28EE47AB303D98016BED447
:106E4300000278104398507CB7F5D77D530A5AF562
:106E5300D6438E1553A23F4DEE780CBEF400017855
:106E630006E5A2F5A28031BEE40002780BBEF40071
:106E730003780543A2408020BEE40004780BBEF4EF
:106E83000005780543A280800FBEE400067809BEA2
:106E9300F40007780343A2C0E47AB303D9D2AC0267
:106EA3006FA6BED400027810439A507CB7F5D77D05
:106EB300530A5AF5D6438E1453BAFEBEE40008783B
:106EC3000CBEF400097806E5BAF5BA800FBEE400FB
:106ED3000A7809BEF4000B780343BA0143AF01E417
:106EE3007AB303DA026FA6BED40002781243AC1061
:106EF3007CB7F5D77D530A5AF5D6438E148016BE58
:106F0300D40003781043AC507CB7F5D57D530A5AAF
:106F1300F5D443DD0A53BAFDBEE4000C780CBEF48D
:106F2300000D7806E5BAF5BA800FBEE4000E7809C5
:106F3300BEF4000F780343BA0243AF08E47AB30305
:106F4300DB8060BED40002781243FD107CB7F5D716
:106F53007D530A5AF5D6438E148016BED4000478A6
:106F63001043FD507CB7F5D37D530A5AF5D243DD68
:106F7300A053BAFBBEE40010780CBEF400117806EF
:106F8300E5BAF5BA8015BEE40012780FBEF400131B
:106F9300780975CA0075C90443BA0443AF10E47A8B
:106FA300B303DC2243BA807E3480007E2401517E09
:106FB3000F06DCBF01783174047E34FE017E2400A9
:106FC3007E7A1BB07E54FDEB7E44007E7E2BB0F5B3
:106FD3009F7E54FDF77E44007E7E2BB0F5A6759D03
:106FE30002E47A1BB002714C7E3436007E24016EBB
:106FF300BF01783174047E34FE017E24007E7A1B47
:10700300B07E54FDEC7E44007E7E2BB0F59F7E5413
:10701300FDF77E44007E7E2BB0F5A6759D02E47AD3
:107023001BB002714C7E34FCC07E24019BBF0178EF
:107033003174047E34FE017E24007E7A1BB07E54BC
:10704300FDED7E44007E7E2BB0F59F7E54FDF77EE2
:1070530044007E7E2BB0F5A6759D02E47A1BB00238
:10706300714C7E34C3807E2401C9BF01783174041E
:107073007E34FE017E24007E7A1BB07E54FDEE7EBC
:1070830044007E7E2BB0F59F7E54FDF77E44007E48
:107093007E2BB0F5A6759D02E47A1BB002714C7E7F
:1070A3003440007E2401FABF01783074047E34FE3C
:1070B300017E24007E7A1BB07E54FDEF7E44007E69
:1070C3007E2BB0F59F7E54FDF77E44007E7E2BB071
:1070D300F5A6759D02E47A1BB0806E7E340EC07EE9
:1070E300240216BF01783074047E14FE017E04006E
:1070F3007E7A0BB07E54FDF07E44007E7E2BB0F58D
:107103009F7E54FDF87E44007E7E2BB0F5A6759DD0
:1071130003E47A0BB080327A1F06DC74047E34FEFB
:10712300017E24007E7A1BB07E14FDF07E04007E77
:107133007E0BB0F59F7E14FDF87E04007E7E0BB0BF
:10714300F5A6759D03E47A1BB07E1F06DC226DFF56
:107153007EE440A07E1F021B7F0712310838407E69
:107163001F021F7F0712310838357E1F02277F0752
:10717300123108382A7E1F02237F07123108381F75
:107183007E1F022B7F0712310838147EB3046A7006
:107193000E7EB30468700874017AB3047D8005E43D
:1071A3007AB3047D7EB3047D70031259417EB30428
:1071B3007DB4010E6D337A37044D7A3703E97A379C
:1071C30003F97E2703E99E2703E57CB41231537A42
:1071D3001F045D7E2703F99E2703F57CB412315308
:1071E3007A1F04617E0803FD7E1F045D1275977A82
:1071F3003703EB7E0804257E1F04611275977A37E7
:1072030003FB7E3703EBBE34177008087E34177018
:107213007A3703EB7E3703EBBE34E89058087E34AD
:10722300E8907A3703EB7E3703FBBE341770080808
:107233007E3417707A3703FB7E3703FBBE34E89046
:1072430058087E34E8907A3703FB7E37070BBE3449
:10725300000178787E3400047E2703EBBE2400000F
:1072630048067E1703EB80026D111A021A00128181
:107273004A7E3400147E2703EBBE24000048046DCD
:107283001180066D119E1703EB1A021A0012814A30
:107293007E3400247E2703FBBE24000048067E17AD
:1072A30003FB80026D111A021A0012814A7E340018
:1072B300347E2703FBBE24000048046D1180066D55
:1072C300119E1703FB1A021A0012814A227E370607
:1072D30066BE34001068077E34FFFF12960E6D22DF
:1072E3007D327E2F0670691200020B2A0012902F46
:1072F3007E1F066A1224797A0F003F7A1F00437EAD
:1073030034003C6D2274047E3003127BC07E27065A
:1073130074BE24000648030273E66D330B247E1407
:10732300A0F87E0400FF12902F74017E1F0670697F
:1073330011000669010004127AB27E1F06706911FA
:107343000008BE140001580302744374026911005B
:1073530006690100042E14000C127AB27E1F067017
:1073630069110008BE1400025803027443740369D0
:10737300110006690100042E140018127AB27E1F50
:10738300067069110008BE140003580302744374A5
:107393000469110006690100042E140024127AB254
:1073A3007E1F067069110008BE140004580302749E
:1073B30043740569110006690100042E140030129C
:1073C3007AB27E1F067069110008BE14000548706A
:1073D300740669110006690100042E14003C127A38
:1073E300B2805D7E3400037E2400017E14A0F87E0B
:1073F3000400FF12902F74017E0F06769E14003C4A
:10740300127AB274027E0F06769E140030127AB29C
:1074130074037E0F06769E140024127AB274047EDF
:107423000F06769E140018127AB274057E0F067644
:107433009E14000C127AB274067E0F0676127AB28C
:1074430022CAF87EF30466BEF00178030274EF7E6D
:10745300B30468BEB00178030274EF7EB30467BE61
:10746300B00178030274EF7E7F048F7F17122479B3
:107473007E843FCD7E9470A37EA4D70A7EB43D71F3
:1074830012236B281A7F171224797E84BFCD7E9432
:1074930070A37EA4D70A7EB43D7112236B40387E5D
:1074A3007F04937F171224797E843FDE7E94147ABF
:1074B3007EA4E1477EB4AE1412236B28297F1712F2
:1074C30024797E84BFDE7E94147A7EA4E1477EB461
:1074D300AE1412236B500F6D117E0442487E1F02BF
:1074E30023123108400674017AB30482BEF0017896
:1074F300030275947EB30468BEB0017803027594E9
:107503007EB30467BEB00178030275946D117E04E7
:1075130042487E1F022312310838767E7F048F7F14
:10752300171224797E843FCD7E9470A37EA4D70A5C
:107533007EB43D7112236B381A7F171224797E842F
:10754300BFCD7E9470A37EA4D70A7EB43D7112236F
:107553006B503E7E7F04937F171224797E843FDE37
:107563007E94147A7EA4E1477EB4AE1412236B3862
:107573001A7F171224797E84BFDE7E94147A7EA448
:10758300E1477EB4AE1412236B500674027AB3043F
:1075930082DAF822CA3B7F517F60699600146986BC
:1075A30000126D337E243F807F04122F2C7F0169EC
:1075B30026001A7CB4123153122FE77F716926001B
:1075C300167CB41231537F017F15122F2C7F0412C6
:1075D3002FE77F07122F2F12318B7936001A7F1571
:1075E30012318B79360016692600187CB412315398
:1075F3007F05122F2F12318B7936001869B60006DA
:1076030069A60004BE580000780302769A69360022
:107613000C6D229D237CB41231537F417F051230C0
:10762300877F0169F600187D2F7CB4123153123124
:1076330008280B7D2F7CB41231537F3180097F14CE
:107643007F051230877F316926000C7CB4123153D9
:107653007F717F051230877F03123108282B7F1437
:107663007F051230877F01692600187CB4123153DD
:10767300123108280B692600187CB4123153800795
:107683007F147F0512308780077F177F05123087AD
:1076930012318B79360018692600187CB4123153E5
:1076A3006916000669060004122FE77F7169260038
:1076B300167CB4123153691600020B6A00122FE7CD
:1076C3007F07122F2F7F716926001A7CB412315362
:1076D3006916000A69060008122FE77F07122F2F89
:1076E30012318BDA3B227E340003128D1E7D23E49C
:1076F3001223D17E8440006D999F551222CC12240F
:10770300BB7A1F03E16D33128D1E7D23E41223D157
:107713007E8440006D999F551222CC1224BB7A1FA0
:1077230003F1A2CBE43378117E0F03E16D337E24A2
:10773300BF80122FE77A1F03E1A2B5E433B401112E
:107743007E0F03F16D337E24BF80122FE77A1F0370
:10775300F17E4F06D26D337E243F807F04122F2C9F
:107763007F617E7F03E17F167F07122FE77F517EC4
:107773002703E57CB41231537F04122FE77F0512F0
:107783002F2F12318B7A3703E57E0F03F17F161209
:107793002FE77F617E2703F57CB41231537E0F06FA
:1077A300D2122FE77F06122F2F12318B7A3703F570
:1077B3006D117E0440807F17122FE71224797E8497
:1077C3003FB97E94BC657EA4B60D7EB423C8122156
:1077D300BC7E8440A17E9494009F551222CC122437
:1077E300BB7E0F03DD122F2F7A1F03DD6D117E0485
:1077F30040807E1F03F1122FE71224797E843FB964
:107803007E94BC657EA4B60D7EB423C81221BC7ED3
:107813008440A17E9494009F551222CC1224BB7EF7
:107823000F03ED122F2F7A1F03ED7E340003128E08
:10783300DE6D33128EDE22CA3B7E7F0676695700E9
:1078430008BE54000840030279757EA003A4907813
:10785300557302786D0278A40278C40278E802793D
:107863000B02792602794102795C7E1F066A122493
:10787300797F407F5169770006696700040B3A00FE
:107883006913000269230004693300061220A91B4F
:107893003A00791300027923000479330006027950
:1078A300757E0F066A69D7000669C700046936004A
:1078B300020B6A20122F2C793600021B6A200279F0
:1078C300757E1F066A12318B7F21691700066907CF
:1078D3000004693000020B0A209F12793000021B5A
:1078E3000A200279757E1F066A12318B7F21691780
:1078F300000669070004693000020B0A209F127911
:107903003000021B0A20806A7E1F066A12318B7DBB
:107913002369170006690700040B0A309D321B0A0E
:1079230030804F7E1F066A12318B7D236917000654
:10793300690700040B0A309D321B0A3080347E1F16
:10794300066A12318B7C6769170006690700047E9B
:107953000B709C767A0B7080197E1F066A12318B2E
:107963007C6769170006690700047E0B709C767AB2
:107973000B70DA3B22CA3B7E7F067669570008BE4E
:107983005400084003027AAF7EA003A49079937356
:107993000279AB0279DE0279FE027A22027A45028B
:1079A3007A60027A7B027A967E1F066A12247969CC
:1079B300770006696700040B3A806993000269A3A4
:1079C300000469B300061220AD1B3A0079130002CC
:1079D3007923000479330006027AAF7E0F066A69C1
:1079E300D7000669C70004693600020B6A20122F0C
:1079F3002F793600021B6A20027AAF7E1F066A12B5
:107A0300318B7F2169170006690700046930000282
:107A13000B0A202F12793000021B0A20027AAF7E54
:107A23001F066A12318B7F2169170006690700045C
:107A3300693000020B0A202F12793000021B0A2042
:107A4300806A7E1F066A12318B7D236917000669DF
:107A53000700040B0A302D321B0A30804F7E1F06AD
:107A63006A12318B7D2369170006690700040B0A2C
:107A7300302D321B0A3080347E1F066A12318B7C14
:107A83006769170006690700047E0B702C767A0B72
:107A93007080197E1F066A12318B7C676917000696
:107AA300690700047E0B702C767A0B70DA3B22CACE
:107AB3003B7F307AB3003C7E34000A7E53003C0A9D
:107AC30025691300020B3A0012902F693300081B3B
:107AD3003568511B34686D1B347803027B671B3494
:107AE3007803027B851B347803027BA12E340005C7
:107AF3006803027BBD691300066903000469300053
:107B0300020B0A201224797A0F003F7A1F00437E6A
:107B13003400467E53003C0A2574057E3002127BF6
:107B2300C0027BBD7E3400507E53003C0A2569535E
:107B3300000669430004691200020B2A007405124F
:107B430088E380767E3400507E53003C0A256953D7
:107B5300000669430004691200020B2A007405122F
:107B630088E380567E3400507E53003C0A25691317
:107B73000006690300040B0A101A021A00127E9C05
:107B830080387E3400507E53003C0A25691300067A
:107B9300690300040B0A106D00128733801C7E34C6
:107BA30000507E53003C0A25691300066903000454
:107BB3007E0B301A531A4A128216DA3B22CA3B7CD6
:107BC300F37CEB7D627A37003DBEF00628037EF03E
:107BD30006BEE00A28037EE00A7E6F003F7E7F0038
:107BE300439F009F117F467F5712236B281D7A6F97
:107BF300008E7A7F00927E08004A7E34A71E7E2480
:107C030000FF1240C87A730049802A7E0F003F7E2E
:107C13001F00437A0F008E7A1F00927E08004B7E6E
:107C230034A71E7E2400FF1240C87CB77AB30049F4
:107C3300047AB300497E7300490A379E3400070A69
:107C43001E1A279D211B247C657A63006C0A2F1A58
:107C5300372D320B347A73006D801E74207EA3009F
:107C63006D1A3A19B3004A7EB3006D047AB3006DFE
:107C73007EB3006C047AB3006C7EF3006CBEF0003C
:107C830048D97E4F003F7E5F00439F009F11122320
:107C93006B280A742D1A3F19B3004A800874201AFE
:107CA3003F19B3004AE47EA3006D1A3A19B3004AA0
:107CB3007E37003D7D267E08004A12902FDA3B2254
:107CC300CAD8CA797CDB7D731B34682B1B346844A8
:107CD3001B34685D2E34000378727E3400136D22EA
:107CE3001251297E3400146D221251297E3400155D
:107CF3006D2212512980557E3400236D22125129A1
:107D03007E3400246D221251297E3400256D221207
:107D1300512980387E3400406D221251297E34006F
:107D2300416D221251297E3400436D221251298064
:107D33001B7E3400346D221251297E3400336D22B0
:107D43001251297E3400326D2212512953A2F31BA2
:107D53007468141B7468151B7468162E74000378FA
:107D630013E5A2F5A2800D43A204800843A2088074
:107D73000343A20C53CEF31BD1680D1BD0680E0B2B
:107D8300D1780D43CE04800843CE08800343CE0C44
:107D93007E37003E7CB742CE7E37003C4D337806BB
:107DA30043CE8043CE1043CE40DA79DAD822CA3BA1
:107DB3007A1F00087F306933000E6923000C7E2F81
:107DC300000CBF214003027E916933000669230042
:107DD3000469130012690300109F017A0F0010BF9A
:107DE3002028667E0F0010CA19691300020B3A009F
:107DF3002D137E1F00081299381BFD7F037E1F0081
:107E03001012920E7E1F00107D237E0F00082D128C
:107E13007A0F00087E0F000C7D319D32CA39693319
:107E2300000669230004691300020B3A002D137E38
:107E33001F00081299381BFD7F037E2F00107E1F41
:107E4300000C9F1212920E80297E1F000CCA396902
:107E530033000669230004691300020B3A002D1353
:107E63007E1F00081299381BFD7F037E1F000C1232
:107E7300920E7E2F000C7F032E14000C693000023B
:107E83000B0A209F12793000021B0A2080067E34E1
:107E9300000280026D33DA3B22CA3B7A17003D7D34
:107EA300727D637E37003DBE340000581D7D367DF4
:107EB300273E243E243E243E24742D1284C46D3375
:107EC3009E37003D7A37003D80117D367D273E2465
:107ED3003E243E243E2474201284C47E07003D7E4B
:107EE3002427107D301231C87A73003F7E2403E8C3
:107EF3007D301231C87E14000A7D211231C87C7591
:107F03007A7300407E2400647D301231C87D2112D3
:107F130031C87C757A7300417D307D211231C87D73
:107F2300211231C87C757A7300427D307D21123174
:107F3300C87C757A730043E47AB3004480367E7359
:107F430000440A177D310B343E343E343E342D3623
:107F53000A377D273E243E243E243E240A25093148
:107F6300003F0A532E5400301284C47EB3004404ED
:107F73007AB300447E730044BE700540C1DA3B22ED
:107F83007EB304A9B401397E37044F7A37044D7E9A
:107F93003400507A3704807E0F04BB7E1F06CE1256
:107FA3002F2C1224797E843FDE7E94147A7EA4E102
:107FB300477EB4AE1412236B280674027AB304A965
:107FC3007EB304A9B4020280030280687E370451A1
:107FD3007A37044D6D337A3704807E0F04BB7E1FDE
:107FE30006CE122F2C7F711224797E843FE17E947A
:107FF300EB857EA41EB87EB451EC12236B28667EFB
:1080030034FFB07A3704807F171224797E843FF2DD
:108013007E943D707EA4A3D77EB40A3D12236B28C1
:10802300446D337A3704807E1F02231224797E84C1
:108033003FE67E9466667EA466667EB46666122319
:108043006B4022E47AB30468E47AB304A97EB304F0
:10805300BF047AB304BF7EB304C0047AB304C0740C
:10806300027AB3048222A2B1E4330A3B6D22125195
:1080730029A2B1E4330A3B7E2400011289E3D2B181
:10808300A2B0E4330A3B6D22125129A2B0E4330AB1
:108093003B7E2400011289E3D2B0A2EFE4330A3B12
:1080A3006D22125129A2EFE4330A3B7E2400011210
:1080B30089E3D2EFA2EDE4330A3B6D22125129A2E8
:1080C300EDE4330A3B7E2400011289E3D2EDA2C71B
:1080D300E4330A3B6D22125129A2C7E4330A3B7EE3
:1080E3002400011289E3D2C7A2C4E4330A3B6D2200
:1080F300125129A2C4E4330A3B7E2400011289E30E
:10810300D2C4A2EBE4330A3B6D22125129A2EBE461
:10811300330A3B7E2400011289E3D2EBA2E9E43364
:108123000A3B6D22125129A2E9E4330A3B7E240063
:10813300011289E3D2E9A2FEE4337AB30692A2FDE7
:10814300E4337AB30693227F607DF30E340E340E4C
:10815300340E340E340E341A261A247F012F002FC6
:10816300002E0400FF2E08A601693000020B0A202E
:108173000B1C7E1B700AE7693000020B0A207E1B72
:10818300700A977D397C676C777D934D9E6D88BEB1
:1081930068271068237F16E412314E7E1440007E58
:1081A30004461C1230877F017F14E412314E122FD4
:1081B300E712318B7F5180047F540B5C7D1B7C3233
:1081C3007D3F0E340E340E340E341A261A247F21CA
:1081D3002F222F222E4400FF2E28A5E16932000210
:1081E3000B2A207A1B307D3B7C377D3F0E340E34C7
:1081F3000E340E341A261A247F212F222F222E44C6
:1082030000FF2E28A5E1693200020B2A200B1C7AFD
:108213001B3022CA3B7AB3003D7D727D637E7300BF
:108223003DBE7000581C7D367D273E243E243E24EF
:108233003E24742D1284C4E49EB3003D7AB3003D02
:1082430080117D367D273E243E243E243E24742027
:108253001284C47E73003D1A077E2400647D3012AD
:1082630031C87A73003E7E14000A7D307D211231BD
:10827300C87D211231C87C757A73003F7D307D2122
:108283001231C87C757A730040E47AB300418036BA
:108293007E7300410A177D310B343E343E343E3445
:1082A3002D360A377D273E243E243E243E240A25CC
:1082B3000931003E0A532E5400301284C47EB300A9
:1082C30041047AB300417E730041BE700340C1DABA
:1082D3003B22CA7BCA6BCA5BCA4BCA2BCA1BCA0BDB
:1082E300C0D1C0D0C083C082125CA71276E91271DC
:1082F30051129C617A1F06CE128C5E128CBF7EB324
:108303000465B401167E1F049F0B1C7A1F049FBED5
:108313001805DC40069F117A1F049F7EB30466BED6
:10832300B00168077EB30467B401207E3704A7BE9B
:1083330034000578167E1F04A30B1C7A1F04A3BE0A
:108343001803E840069F117A1F04A37EB3046AB49E
:1083530002167E37046E0B347A37046EBE3401F492
:1083630008066D337A37046ED082D083D0D0D0D153
:10837300DA0BDA1BDA2BDA4BDA5BDA6BDA7B327D78
:10838300E27DF37E3403E88D3E7E14000CAD136D65
:10839300007E1F06DC1232677DE36EE4FFFF0BE411
:1083A3004DFF7816E589F5897D3E7CB7F58A7D5EBC
:1083B3000A5AF58CD28CD2A98068BEF400017816D3
:1083C300E589F5897D3E7CB7F58B7D5E0A5AF58D8F
:1083D300D28ED2AB804CBEF4000278147D3E7CB7C3
:1083E300F5D77D5E0A5AF5D6438E1043AF0480322B
:1083F300BEF4000378147D3E7CB7F5D57D5E0A5A42
:10840300F5D443DD0843AF208018BEF4000478128E
:108413007D3E7CB7F5D37D5E0A5AF5D243DD8043BA
:10842300AF4022CA3B7AB306EC7D727D63E47AB334
:1084330006ED807E7D367E5306ED0A052D077D20F1
:108443007D162E1400071290D37E7306EC1A273E76
:10845300243E243E243E247E7306ED0A372D322E1D
:108463003430C07A71827A6183E4937AB306EFE49D
:108473007AB306EE802A7EB306EF30E0097E34F845
:108483000012977F80077E34FFFF12977F7E73066B
:10849300EF1E707A7306EF7EB306EE047AB306EE30
:1084A3007E7306EEBE700840CD7EB306ED047AB34C
:1084B30006ED7E7306EDBE70105003028437DA3B7F
:1084C30022CA3B7AB300747D727D63E47AB300758C
:1084D300807E7D367E5300750A052D077D207D162F
:1084E3002E1400071291237E7300741A273E243E34
:1084F300243E243E247E7300750A372D322E3430F9
:10850300C07A71827A6183E4937AB30077E47AB3B1
:108513000076802A7EB3007730E0097E34F80012BB
:10852300995D80077E34FFFF12995D7E7300771E8D
:10853300707A7300777EB30076047AB300767E7325
:108543000076BE700840CD7EB30075047AB3007523
:108553007E730075BE701050030284D5DA3B22CAC5
:108563003B7AB306F87D727D63E47AB306F9807EC5
:108573007D367E5306F90A052D077D207D162E14C0
:1085830000071292A07E7306F81A273E243E243E6B
:10859300243E247E7306F90A372D322E3430C07AF6
:1085A30071827A6183E4937AB306FBE47AB306FAC1
:1085B300802A7EB306FB30E0097E34F8001297ABC5
:1085C30080077E34FFFF1297AB7E7306FB1E707A23
:1085D3007306FB7EB306FA047AB306FA7E7306FAD1
:1085E300BE700840CD7EB306F9047AB306F97E73F4
:1085F30006F9BE70105003028573DA3B22CA3B7A38
:10860300B307007D727D63E47AB30701807E7D3614
:108613007E5307010A052D077D207D162E140007C2
:108623001292E87E7307001A273E243E243E243E1E
:10863300247E7307010A372D322E3430C07A7182BB
:108643007A6183E4937AB30703E47AB30702802A57
:108653007EB3070330E0097E34F800129980800767
:108663007E34FFFF1299807E7307031E707A7307AF
:10867300037EB30702047AB307027E730702BE7058
:108683000840CD7EB30701047AB307017E73070167
:10869300BE70105003028611DA3B22A9D7BA75EADD
:1086A3000075E90043FF1075BA80126FA77A1F06A1
:1086B300DC12953175E90043BA80E47E34FE017E15
:1086C30024007E7A1BB07594007593007592007533
:1086D300910075960075950075B20075B10075B47B
:1086E3000075B30075CA0075C90075CC0075CB0061
:1086F30075E20075E10075DE00758E0075980075F2
:108703009A0075AC0075FD0075A20075AF00758900
:10871300007E34C2007E2400017A1F003C6D227D5E
:10872300327E1400017E040002126DD512000E2267
:10873300CA3B7D727D637E2427107D318D327A732F
:10874300003D7E4403E87D518D547E24000A8D5202
:108753007C797A73003E7E4400647D518D548D5242
:108763007C797A73003F7D518D528D527C797A7377
:1087730000407D318D327C757A730041E47AB30019
:108783004280367E7300420A177D310B343E343EFD
:10879300343E342D360A377D273E243E243E243E84
:1087A300240A250931003D0A532E5400301284C493
:1087B3007EB30042047AB300427E730042BE70056A
:1087C30040C1DA3B22CA797CAB7F707F616CEE6C6F
:1087D300FF4CAA68457F56BE580000580A6EB4FF86
:1087E300FF6EA4FFFF0B5C7E7300D10A176D007F41
:1087F300151232677F102E1800307A7B707E73005B
:10880300D10A176D007F151232677F510BF0BE58E6
:10881300000068040BF480CF803A7E7300D10A17FE
:108823006D007F161232167CE3BEE00A40052EE08F
:108833003780032EE0307A7BE07E7300D10A176D18
:10884300007F161232167F610BF0BE6800006804C9
:098853000BF480C67CBFDA792227
:1088E300CA3B7CFB7A0F003F7D627A37003DBEF0C6
:1088F3000A28037EF00A0BF07E1F003FBE1800001B
:1089030058177A1F00927E0800437E34A7217E24E5
:1089130000FF1240C87CE7802174207AB300437EB5
:108923001F003F7A1F00927E0800447E34A7217EF9
:108933002400FF1240C87CE70BE0800A74200A3E43
:1089430019B300430BE0BCFE38F2E40A3F19B3004D
:10895300437E37003D7D267E08004312902FDA3B8D
:10896300226D337E2442107A1F003C6D337E2442F5
:10897300F07A1F00406D337E243F807A1F00447ECF
:108983003427107A3700487E2401F47A27004A7A84
:1089930037004C7E0803FD6D337E24427C128E2FFC
:1089A3006D337E2442107A1F003C6D337E2442F0E7
:1089B3007A1F00406D337E243F807A1F00447E344B
:1089C30027107A3700487E2401F47A27004A7A3741
:1089D300004C7E0804256D337E24427C128E2F22A8
:1089E3007D427D23BE44000178317CB5540F7E3433
:1089F300000160053E341478FB7C677D120E140E73
:108A0300140E140E141A021A002E04007E2E08FEF1
:108A1300107E0B704C767A0B7080354D4478317C28
:108A2300B5540F7E34000160053E341478FB7CB7E7
:108A330064FF7D120E140E140E140E141A021A0083
:108A43002E04007E2E08FE107E0B705C7B7A0B706A
:108A5300221267E27E370480BE34005048087E3419
:108A630000507A3704807E370480BE34FFB0180884
:108A73007E34FFB07A3704807E2704802E240334AB
:108A83007CB412315312318B7A37065BBE340384C4
:108A930048087E3403847A37065B7E37065BBE3430
:108AA30002E418087E3402E47A37065B7E3400431E
:108AB3007E17065B1A021A0012814A227E57066647
:108AC3001B54BE54000E505D7EA003A4908AD37342
:108AD300028B02028AFD028B11028B1B028B07029F
:108AE3008B20028B28028B0C028B25028B28028B96
:108AF30028028B28028B28028B1612797880261283
:108B0300783A8021128FDB801C1290818017129596
:108B1300A3801212956A800D12975280081295DA7B
:108B23008003129D1D22CA7BCA6BCA5BCA4BCA79DA
:108B3300CA2BCA1BCA0BC0D1C0D0C083C082E5FDFB
:108B430030E10853FDFDE47AB303DCE5FD30E026B4
:108B530053FDFE7E77070EBE7400017805129B8AD3
:108B63008014BE7400027805129B708009BE7400E5
:108B7300037803129BA4D082D083D0D0D0D1DA0B58
:108B8300DA1BDA2BDA79DA4BDA5BDA6BDA7B32CAA5
:108B9300797D73E47AB307124D7778247E18000148
:108BA3007A1F06D874297E70507E080712128F33FD
:108BB3007E7307120A370B343E347A730712803000
:108BC300BE74000178247E1800017A1F06D8742928
:108BD3007E70707E080712128F337E7307120A3776
:108BE3000B343E347A730712800674FF7AB307128C
:108BF3007EB30712DA79227D127D2343BC8053BCF6
:108C0300F07CA57CBA42BC7D320E340E340E34BEE9
:108C1300340001781D7CBA54077E04000160053ED0
:108C2300041478FB7CA17CBA64FF52947CBA42930F
:108C3300801F4D33781B7CB554077E04000160050B
:108C43003E041478FB7CA17CBA64FF52927CBA4246
:108C5300917CB3540F42DE43DE20227E1800017A5A
:108C63001F001974297E70137E080014128F877EEB
:108C7300B3001454077807E47AB30708803D7E18DD
:108C830000027A1F001974297E701E7E08001412D8
:108C93008F877E6300146C777A3707097E7300151C
:108CA3000A374E3707097A37070974297E700B7E16
:108CB30060011298A374017AB3070822A2A6E433D1
:108CC30078257EA3047CBEA018581C7EB3046BB425
:108CD30001157CBA047AB3047C7E73047CBE7018DD
:108CE3004805E47AB3047C7EA304694CAA780D7E1C
:108CF300B3047CB4010674027AB3046BBEA001789A
:108D0300197EA3047CBEA0017805E47AB304C0BE37
:108D1300A002780674027AB3046B227D236D331BA1
:108D230024681E1B2468281B2468321B24683C0B00
:108D3300267844E58C7C6B6C77E58A0A2B4D328070
:108D430036E58D7C6B6C77E58B0A2B4D328028E5FD
:108D5300D67C6B6C77E5D70A2B4D32801AE5D47C31
:108D63006B6C77E5D50A2B4D32800CE5D27C6B6CAE
:108D730077E5D30A2B4D3222128069126BE6E47A2F
:108D8300B3065D6D337E243F807A1F066A6D337AA6
:108D930037066E7A3706747E27066E7E34000AAD78
:108DA300327E54A3AD7E4400FF2D537A2F06707E8E
:108DB3000706747E14000CAD1069320006692200A8
:108DC300042D317A1F06767E3400107A3706687ACE
:108DD300370666221200067E340EC07E2402167AFF
:108DE3001F06DC12869E1296F712933012896412C4
:108DF3009A87129C76128D7B1200127E3400017EBC
:108E030024000512838212000E74017AB3046B7E70
:108E13003400017A37070B7EB3046BB4010312925B
:108E2300577EB3065D70F0129DAA80EB7F207932E6
:108E330000021B2A207E1F003C79320006792200A3
:108E4300047E1F00407932000A792200087E1F0049
:108E53004479320014792200126D33793200166D91
:108E630033793200186D337932001A7E370048792E
:108E730032000E7E37004A7932000C7E37004C797F
:108E8300320010227CAB1B34681F1B34682C1B344C
:108E930068392E34000378427EB303D970FA740123
:108EA3007AB303D97AA19980317EB303DA70FA7465
:108EB300017AB303DA7AA19B80207EB303DB70FAD5
:108EC30074017AB303DB7AA1AD800F7EB303DC7048
:108ED300FA74017AB303DC7AA1FE221B34681C1BEB
:108EE3003468241B34682E1B3468380B367840C230
:108EF3008C758C00758A00D28C8034C28E758D007F
:108F0300758B00D28E8028538EEF75D60075D700EF
:108F1300438E10801A53DDF775D40075D50043DDF9
:108F230008800C53DD7F75D20075D30043DD8022AA
:108F3300CA3B7F307A7306D77AB306D6129CF07E8B
:108F4300B306D63EB012966D7EB306D712966D1257
:108F53009CF07EB306D63EB0440112966D800A742F
:108F6300011293F87A3BB00B747E1F06D81B1C7A50
:108F73001F06D84D2378E8E41293F87A3BB0129C8D
:108F83008ADA3B22CA3B7F307A7300187AB3001720
:108F9300129CF07EB300173EB012966D7EB300189C
:108FA30012966D129CF07EB300173EB044011296E8
:108FB3006D800A74011293F87A3BB00B747E1F0024
:108FC300191B1C7A1F00194D2378E8E41293F87AD1
:108FD3003BB0129C8ADA3B227E37066E0B347A371B
:108FE300066E7E34A3F37E2400FF0B1A30BE3706D1
:108FF3006E58066D337A37066E7E07066E7E140052
:109003000AAD107E34A3AD7E2400FF2D317A1F06F6
:10901300706D337A3706746D117E2F0670693200D6
:1090230006692200042D317A1F067622CA3B7F305F
:109033007A2700707A37006E6D337A37007280308A
:109043007E3700723E343E343E342E37006E7E2728
:1090530000703E243E243E243E247F032E170072DC
:109063007E0BB01284C47E3700720B347A370072E1
:109073007F132E3700727E1BB070C5DA3B227E371A
:10908300066E1B347A37066EBE340000580F7E34EA
:10909300A3F37E2400FF0B1A307A37066E7E070691
:1090A3006E7E14000AAD107E34A3AD7E2400FF2D26
:1090B300317A1F06706D337A3706746D117E2F0671
:1090C3007069320006692200042D317A1F06762268
:1090D300CA3B7D707D617A2706EA7A3706E8742AEF
:1090E3001297D7E41298007E5706E80B54129800A3
:1090F300E41298007D560B54129800742B1297D7E4
:10910300E41298007E5706EA0B55129800E4129871
:10911300007D570B55129800742C1297D7DA3B2217
:10912300CA3B7D707D617A27007A7A370078742A8A
:10913300129D2CE4129D3A7E5700780B54129D3AEF
:10914300E4129D3A7D560B54129D3A742B129D2CBA
:10915300E4129D3A7E57007A0B55129D3AE4129D14
:109163003A7D570B55129D3A742C129D2CDA3B22F3
:109173001B34681D1B3468261B34682D1B3468346C
:109183000B367839758A00758C00438904D28C803C
:109193002C758B00758D00438940D28E801F75D747
:1091A3000075D600438E18801475D50075D400431E
:1091B300DD0C800975D30075D20043DDC0227F61C9
:1091C3007F702E140008693000020B0A202F1679D5
:1091D3003000021B0A20801E6957001269470010E5
:1091E3007F072E140008693000020B0A209F1279B2
:1091F3003000021B0A206917000A69070008693753
:10920300001269270010BF1028CE227F617F700BE8
:1092130016693000020B0A202F16793000021B0A50
:1092230020801C69570012694700107F070B1669DD
:109233003000020B0A209F12793000021B0A2069BA
:10924300170006690700046937001269270010BF79
:109253001028D0227E5F021B7E6F022B7F167F05B4
:10926300122F2F7F717F167F05122F2C7F0712304D
:10927300877A1F048F7E5F021F7E6F02277F167F10
:1092830005122F2F7F717F167F05122F2C7F071258
:1092930030877A1F0493127444128A5422CA3B7D86
:1092A300707D617A2706F67A3706F4742A129829B4
:1092B3007E3706F42E3400281297AB7D362E340009
:1092C300281297AB742B1298297E3706F62E34009A
:1092D300341297AB7D372E3400341297AB742C12B3
:1092E3009829DA3B22CA3B7D707D617A2706FE7A94
:1092F3003706FC742A129D487E3706FC2E3400285C
:109303001299807D362E340028129980742B129D79
:10931300487E3706FE2E3400341299807D372E3472
:109323000034129980742C129D48DA3B229F117AE3
:109333001F00407E3400047E084268125FE49F11E0
:109343007A1F00407E3400147E084268125FE49F57
:10935300117A1F00407E3400247E084268125FE4C5
:109363009F117A1F00407E3400347E084268125FEA
:10937300E4227F617F709F11802A7F061B0C9F016F
:109383007D017F272D507E2B307D532D5F7D4E7EBB
:109393002B207F272D507A2B207D037F272D507A7A
:1093A3002B300B1C7F261E541E4450034EA080BF3F
:1093B3001240C7227C5B7DF30A356D227E140900BF
:1093C30012320B7E14067712320B2E1801F47EE450
:1093D30003E87D1E1232147F617D3F6D227F0612EA
:1093E30031FA7F061E141E0450034E20802F107D79
:1093F3001E12321422CAD8CA797CFB6CEEC29612B2
:109403009D64D2976CDD8016129D64C296129D6492
:10941300D296129D643EE03097020BE00BD0BED093
:109423000840E5C296129D647CBF129A077CBEDA9F
:1094330079DAD822CAD8CA797CFB6CEEC2C0129DF5
:1094430094D2C16CDD8016129D94C2C0129D94D239
:10945300C0129D943EE030C1020BE00BD0BED00899
:1094630040E5C2C0129D947CBF129A477CBEDA7954
:10947300DAD822CAD8CA797CFB6CEEC2C0129D9F8F
:10948300D2C16CDD8016129D9FC2C0129D9FD2C0B7
:10949300129D9F3EE030C1020BE00BD0BED00840CE
:1094A300E5C2C0129D9F7CBF129A677CBEDA79DA4F
:1094B300D8227584017E44041FE47A49B01B4478A2
:1094C300F97EF807137E0400FF7E149DEA0B0A4021
:1094D3005D44681A692000020B0E0B44800A7E0B60
:1094E300B07A29B00B240B0C1B4478F280DF028D79
:1094F300D7CA59C0D1E59830E1085398FDE47AB34F
:1095030003D9E59830E0225398FEE599B47F157EA0
:10951300A3070D7CBA047AB3070DBEA014280A75FD
:10952300C7608005E47AB3070DD0D1DA59327E08DB
:1095330017707E7F06DC7F171232677A3706E07E6C
:1095430014CFC07E04006A7F171232677A3706E2AF
:109553007E341B007E2400B7BF71180A7E3706E2F3
:109563000B347A3706E2227E3706741B347A3706C9
:1095730074BE340000580C7E1F0670693100087AEF
:109583003706747E0706747E14000CAD107E2F061A
:109593007069320006692200042D317A1F06762293
:1095A3007E3706740B347A3706747E2F0670693261
:1095B3000008BE37067458066D337A3706747E0783
:1095C30006747E14000CAD10693200066922000493
:1095D3002D317A1F0676226D117E0441207E1F06EF
:1095E3006A1230877A1F066A1224797E843F507E7E
:1095F30094624D7EA4D2F17EB4A9FC12236B500A6F
:109603006D337E24447A7A1F066A22CA3B7D736DCA
:10961300227D327E14009F7E04007F1291236CDD35
:1096230080126CCC80077D3712995D0BC0BEC0A041
:1096330040F40BD0BED08040E9DA3B2253BCF07C2F
:10964300B742BC43BC40E5BC30E5FB53BCDFE5BDE2
:109653007C6B6C77E5BE0A1B4D3175BD0075BE0092
:109663007CB560051E341478FB22CA797CFB7EE04E
:109673000880177CBF30E704D2978002C2973EF080
:10968300129D64D296129D64C2967CAE1BE04CAAD6
:1096930078E1120066DA7922CA797CFB7EE00880E1
:1096A300177CBF30E704D2C18002C2C13EF0129DD5
:1096B30094D2C0129D94C2C07CAE1BE04CAA78E148
:1096C300129AFFDA7922CA797CFB7EE00880177C44
:1096D300BF30E704D2C18002C2C13EF0129D9FD2C7
:1096E300C0129D9FC2C07CAE1BE04CAA78E1129BC6
:1096F3001CDA79227E34000E6D22128BFA7E34003E
:109703000D6D22128BFA7E3400056D22128BFA7EC8
:109713003400086D22128BFA7E3400046D22128B02
:10972300FA22CA3B7A2706E67F307A3706E4800CB2
:109733007E3706E47E3BB00B74128E877E3706E6D7
:109743007D231B247A2706E64D3378E4DA3B226D2A
:10975300117E0441207E1F066A122FE77A1F066AD4
:109763006D117E04447A7E1F066A123108280C7E2E
:1097730034D70A7E243C237A1F066A227D237EA0E7
:1097830010C2A2D2A1C2A580147D325E34800068CB
:1097930004D2A38002C2A3D2A5C2A53E247C7A1B15
:1097A300A0A5BF00E4D2A2227D237EA010C2A2D234
:1097B300A1C2A580147D325E3480006804D2A380E8
:1097C30002C2A3D2A5C2A53E247C7A1BA0A5BF00DA
:1097D300E4D2A2227C7B7E6008C2A2C2A1C2A58081
:1097E300117CB730E704D2A38002C2A3D2A5C2A5DD
:1097F3003E707CA61B604CAA78E7D2A2227C7B7EBB
:109803006008C2A2D2A1C2A580117CB730E704D2FE
:10981300A38002C2A3D2A5C2A53E707CA61B604C46
:10982300AA78E7D2A2227C7B7E6008C2A2C2A1C230
:10983300A580117CB730E704D2A38002C2A3D2A5CE
:10984300C2A53E707CA61B604CAA78E7D2A2227CFC
:109853007B7E6008C2A2C2A1C2A580117CB730E79B
:1098630004D2A38002C2A3D2A5C2A53E707CA61BCC
:10987300604CAA78E7D2A2221265877A37067A7EED
:1098830037067CBE37067A780A7E3400107A3706AC
:1098930066800C7E37067A7A3706667A37067C222C
:1098A300CAD8CA797CF67CE77CDB129CF07CBD3E8F
:1098B300B012966D7CBE12966D7CBF12966D129C93
:1098C3008ADA79DAD8227C6B6C7780177CB633928C
:1098D300C13E60C2C0C2C0D2C0D2C0A2C2E4334C37
:1098E3006B0B70BE700840E47CB6227C6B6C778097
:1098F300177CB63392C13E60C2C0C2C0D2C0D2C0D0
:10990300A2C2E4334C6B0B70BE700840E47CB622F9
:10991300CAF87CA77CFB7CBA24B01298527CBF5453
:10992300F0C4540F0A5B44101298527CBF540F12B8
:109933009852DAF8227F217F707F10800A7E2B30C5
:109943007A1B300B540B34691FFFFD7D011B047917
:109953000FFFFD4D1178E67F17227D230A367A73B8
:1099630000787C757A730079C2A2D2A17EB30078A5
:10997300129CD07EB30079129CD0D2A2227D230AFE
:10998300367A7307107C757A730711C2A2D2A17E4F
:10999300B30710129CD07EB30711129CD0D2A2221F
:1099A300CAF87CA77CFB7CBA24B0129D567CBF54BA
:1099B300F0C4540F4410129D567CBF540F129D5691
:1099C300DAF8227C6B6C7780137CB63392A53E6009
:1099D300C2A7D2A7A2A6E4334C6B0B70BE7008409B
:1099E300E87CB622CAF87CFBC2A31200464CFF688F
:1099F30004C2A28002D2A2D2A3120046C2A31200C2
:109A030046DAF822CAF87CFBC296129D644CFF68C2
:109A130004C2978002D297D296129D64C296129D79
:109A230064DAF822CAF87CFBC296129D894CFF685F
:109A330004C2978002D297D296129D89C296129D34
:109A430089DAF822CAF87CFBC2C0129D944CFF68E5
:109A530004C2C18002D2C1D2C0129D94C2C0129D61
:109A630094DAF822CAF87CFBC2C0129D9F4CFF68AF
:109A730004C2C18002D2C1D2C0129D9FC2C0129D36
:109A83009FDAF8227E3400031291736D33129173BF
:109A93009F117A1F03E17A1F03F17A1F03DD7A1FF7
:109AA30003ED22CAB8C0D1E59A30E108539AFDE428
:109AB3007AB303DAE59A30E003539AFED0D1DAB8E9
:109AC30032CAB8C0D1E5AC30E10853ACFDE47AB397
:109AD30003DBE5AC30E00353ACFED0D1DAB832C2DD
:109AE30096129D89D296129D89309706C2966D3340
:109AF3008009C296129D897E34000122C2C0129D44
:109B030094D2C0129D9430C106C2C06D338009C285
:109B1300C0129D947E34000122C2C0129D9FD2C008
:109B2300129D9F30C106C2C06D338009C2C0129D11
:109B33009F7E34000122CA3B7F307C7BC2C34E70C0
:109B4300807CB71298EEE41298EE7A3BB0D2C3DA77
:109B53003B227CABE47AB30713C2C37CBA44807E56
:109B6300080713129B39D2C37EB3071322E5FE7A8B
:109B7300B305887E1800017A1F000C7E0805347E29
:109B8300180588127DB122E5FE7AB305DD7E180043
:109B9300017A1F000C7E0805897E1805DD127DB150
:109BA30022E5FE7AB306327E1800017A1F000C7E8E
:109BB3000805DE7E180632127DB1227F017E37064C
:109BC300E27D231B247D3278F87F201B2C7F024DFE
:109BD3004578EA227D235E70007D530A5A7D325E0A
:109BE300600060053E341478FB0B3422CA3B7F309F
:109BF3007C7B4E70807CB71298C9E41298C97A3B7B
:109C0300B0DA3B227D237E3706E07D131B147D31C2
:109C130078F87D121B147D2178EC227D23800A7E47
:109C2300A0097CBA147CAB78F97D321B244D3378C0
:109C3300EE22CAF87CF77C7BC2C37CB71298EE7C19
:109C4300BF1298EED2C3DAF8227F706917000E694B
:109C530007000C69370012692700109F10227E0F3E
:109C630003ED7E1F03DD122F2F6D117E04400012C2
:109C73003087227E1803347A1F00407E3400437EEF
:109C8300080032125FE422C297C296129D64D296F4
:109C9300129D64D297129D6422C2C1C2C0129D94C8
:109CA300D2C0129D94D2C1129D9422C2C1C2C012CD
:109CB3009D9FD2C0129D9FD2C1129D9F22CAF87C44
:109CC300FB6D337CBF128E877CBFDAF8227C7B7AF4
:109CD30071CFE5CD30E7FB75CDC0E5CF227D23BE47
:109CE30024000048037D32226D339D3222D297D265
:109CF30096129D64C297129D64C29622D2C1D2C0AD
:109D0300129D94C2C1129D94C2C022D2C1D2C0126C
:109D13009D9FC2C1129D9FC2C02274017AB3065D8A
:109D23007E3400017A37070B227C7BC2A2C2A17C5E
:109D3300B7129CD0D2A2227C7BC2A2D2A17CB71242
:109D43009CD0D2A2227C7BC2A2C2A17CB7129CD09F
:109D5300D2A2227C7BC2A2C2A17CB7129CD0D2A287
:109D6300227E34000A7D231B344D2278F822CAF860
:109D73007CFB129CD07CFBDAF8227CA7C2C37C7AE2
:109D8300129C35D2C3226D337D231B344D2278F8C8
:109D9300226D337D231B344D2278F8226D337D23CE
:109DA3001B344D2278F82212987B128ABF1272D08C
:109DB30022C0D153EFFED0D132C0D153EFFDD0D169
:109DC30032C0D153EFFBD0D132C0D153EFFED0D14B
:109DD30032C0D153EFFDD0D132C0D153EFFBD0D13C
:109DE300326D22129BBE22000406DC00000000003C
:109DF30002070E0000000206E00000000206E20077
:109E030000000106F000000206F12000000106F345
:109E130000000206AC0000000206AE0000000206CD
:109E2300B00000000206B20000000206B400000009
:109E33000206B600000002067E0000000206800053
:109E430000000206820000000206840000000206F1
:109E53008600000002068800000002068A00000057
:109E630002068C00000002068E0000001402434527
:109E73006DA000456D8000455C0000456E200045E7
:109E83006DD00000640257000000000000000000D5
:109E930000000000000000000000000000000000BF
:109EA30000000000000000000000000000000000AF
:109EB300000000000000000000000000000000009F
:109EC300000000000000000000000000000000008F
:109ED300000000000000000000000000000000007F
:109EE3000000000000000000000000001402FB005E
:109EF300000000000000000000000000000000005F
:109F03000000000001030F000002044F0050000294
:109F1300045100460002045300910002045500005E
:109F2300000204570037000404593E23D70A0004F3
:109F330006CE00000000000406D23E99999A000262
:109F4300069000100001065D000002067A00100072
:109F530002067C0010000104650000010466000095
:109F630001046700000104680000010469000001A6
:109F7300046A000002046C00690002046E00000021
:109F8300040470000000000004047440F0000000AA
:109F930004047840D000000001047C000001047D2B
:109FA300000002047E00000002048000000001049F
:109FB3008200000404833FC00000000404873F8044
:109FC30000000002049700370002049900C8000251
:109FD300049B00640002049D00360004049F0000FB
:109FE3000000000404A300000000000204A7000016
:109FF300000104A900000804AA00010000000000F9
:10A0030000000404B240000000000404B6408000D5
:10A0130000000104BA00000404BB000000000001BA
:10A0230004BF00000104C000000104C100000204D9
:10A03300D60000000404D800000000000204DC0085
:10A0430000000404DE00000000000404E20000003D
:10A0530000000404E63BA3D70A000404EA3B65605E
:10A0630042000404EE00000000000404F2000000BB
:10A0730000000404F600000000000404FA000000DD
:10A0830000000404FE0000000000040502000000BC
:10A093000000040506000000000004050A0000009B
:10A0A300000004050E00000000000405120000007B
:10A0B30000000405163ECCCCCD0004051A000000B8
:10A0C300000004051E00000000000405220000003B
:10A0D3000000040526000000000004052ABF8000DC
:10A0E300000002052E022900020530FF6A00020566
:10A0F30032103400003E00506F696E74004D6F746F
:10A103006F7200536572766500466C616700414467
:10A113005F4D41580041445F52415700547261639F
:10A123006B0052616E6B004200506F696E743300B6
:10A13300506F696E743200506F696E743100506FE6
:10A14300696E7430006572725F786965006572725A
:10A153005F68656E67004D415834004D41583300C8
:10A163004D415832004D415831004D415830007235
:10A17300756B755F74696D65004144340041443308
:10A1830000414432004144310041443000685F6B78
:10A193006400685F6B70006368755F6B640063687D
:10A1A300755F6B7000735F6B6400735F6B70006748
:10A1B3005370004469666600506F5F7370004265B8
:10A1C3006E5F7370005374725F7370004875616ED5
:10A1D3005F737000535F6572720061643400616481
:10A1E300330061643200616431006164300000FF58
:10A1F300A1ED0000021B0001000000FFA1E9000027
:10A20300021F0001000000FFA1E50000022300017E
:10A21300000000FFA1E1000002270001000000FF91
:10A22300A1DD0000022B0001000000FFA1D7000008
:10A23300048B0001000000FFA1CF000004530004C1
:10A24300000100FFA1C80000044F0004000100FF4B
:10A25300A1C1000004510004000100FFA1BB0000E4
:10A2630004570004000100FFA1B6000004590001D7
:10A27300000100FFA1B20000044D0004000000FF34
:10A28300A1AD000006330001000100FFA1A80000FA
:10A29300063B0001000100FFA1A1000004740001BE
:10A2A300000100FFA19A000004780001000100FFF3
:10A2B300A195000004830001000100FFA1900000AC
:10A2C30004870001000100FFA18C0000022F0001A0
:10A2D300000000FFA188000002330001000000FF1E
:10A2E300A184000002370001000000FFA1800000EC
:10A2F300023B0001000000FFA17C0000023F0001BF
:10A30300000000FFA1720000046C0004000100FFC4
:10A31300A16D000002430001000100FFA1680000DD
:10A3230002470001000100FFA1630000024B00018E
:10A33300000100FFA15E0000024F0001000100FFC9
:10A34300A159000002530001000100FFA1500000C9
:10A35300048F0001000100FFA148000004930001E5
:10A36300000100FFA141000004AA0004000100FF56
:10A37300A13A000004AC0004000100FFA133000077
:10A3830004AE0004000100FFA12C000004B000048F
:10A39300000100FFA12A000004990004000100FF4E
:10A3A300A125000004690006000100FFA11F00FFB2
:10A3B300A1F1000500FFA11800FFA2C9000500FFDD
:10A3C300A11100FFA311000400FFA10C00FFA34D86
:10A3D300000100FFA10600FFA281000500FFA1000C
:10A3E30000FFA239000500FFA0FA00FFA3650005E6
:10A3F3000006C2600000C1A00000C12000000000F0
:10A4030000004120000041A0000042600000C02085
:10A413000000BFC00000BF000000000000003F00BC
:10A4230000003FC00000402000003FD9999A3FE65A
:10A4330066663FF333334000000040133333403349
:10A44300333340400000000600050004000300020F
:10A4530000010000000500040003000200010000E9
:10A4630000010004000300020001000000010002DB
:10A4730000030002000100000001000200030002CB
:10A4830000010000000100020003000400010000BD
:10A4930000010002000300040005000000010002A7
:10A4A3000003000400050006000000000000000097
:10A4B3000000000000000000000000000000000099
:10A4C3000000000000000000000000000000000089
:10A4D300C2600000C1A00000C12000000000000015
:10A4E3004120000041C8000042600000C02000007D
:10A4F300BFC00000BF000000000000003F000000DC
:10A503003FC00000400000004013333340866666BE
:10A513004103333340E0000040C0000040A000008E
:10A523004080000000000001000200030004000559
:10A5330000060001000200030004000500060005F8
:10A5430000020003000400050006000500040003E8
:10A5530000040005000600050004000300040005D4
:10A5630000060005000400030002000500060005C4
:10A5730000040003000200010006000500040003BC
:10A5830000020001000000000000000000000000C5
:10A5930000000000000000000000000000000000B8
:10A5A3000000000000000000000000000000007E2A
:10A5B300FEC8007EFEC9007EFECA007EFECB007E82
:10A5C300FEE8007EFEE9007EFEEA007EFEEB007EF2
:10A5D300FECC007EFECD007EFEEC007EFEED007E16
:10A5E300FED5007EFED7007EFED9007EFEDB007E18
:10A5F300FEF5007EFEF7007EFEF9007EFEFB007E88
:10A60300FED2007EFEF2494D553936335241206D5C
:10A6130061672073656C6620636865636B20657290
:10A62300726F722E0D0A00494D553936335241204F
:10A6330061636320616E64206779726F2073656C58
:10A643006620636865636B206572726F722E0D0AF4
:10A6530000696D75363630726120696E69742065E4
:10A6630072726F722E0D0A00696D75363630726123
:10A673002073656C6620636865636B206572726F17
:10A68300722E0D0A0069636D3230363032207265E6
:10A69300736574206572726F722E0D0A0069636DA3
:10A6A30032303630322073656C6620636865636BC5
:10A6B300206572726F722E0000000000000000001F
:10A6C3000000000000000000000000000000000087
:10A6D3000000000000000000000000000000000077
:10A6E3006D70753630353020696E6974206572720D
:10A6F3006F722E0D0A00646C316120696E697420DB
:10A703006572726F722E0D0A0025660025640020A3
:10A71300002D00000000000000807F2566002564F6
:07A72300002566002564001B
:00000001FF
